date,method,url,headers,query,params,body2025-07-31T18:12:39.578Z,POST,/auth/login,"{'host': 'localhost:3000', 'connection': 'keep-alive', 'content-length': '47', 'sec-ch-ua-platform': '""macOS""', 'user-agent': 'Mozilla/5.0 (Macintosh; Intel Mac OS X 10_15_7) AppleWebKit/537.36 (KHTML, like Gecko) Chrome/138.0.0.0 Safari/537.36', 'sec-ch-ua': '""Not)A;Brand"";v=""8"", ""Chromium"";v=""138"", ""Google Chrome"";v=""138""', 'content-type': 'application/json', 'sec-ch-ua-mobile': '?0', 'accept': '*/*', 'origin': 'http://localhost:5173', 'sec-fetch-site': 'same-site', 'sec-fetch-mode': 'cors', 'sec-fetch-dest': 'empty', 'referer': 'http://localhost:5173/', 'accept-encoding': 'gzip, deflate, br, zstd', 'accept-language': 'en-US,en;q=0.9'}",{},{},"{'email': 'test@test.com', 'password': 'testtest'}"
2025-07-31T18:12:41.414Z,GET,/users/ffe67ee0-e989-479d-9a18-dcd6c07ddc60/invitations,"{'host': 'localhost:3000', 'connection': 'keep-alive', 'sec-ch-ua-platform': '""macOS""', 'user-agent': 'Mozilla/5.0 (Macintosh; Intel Mac OS X 10_15_7) AppleWebKit/537.36 (KHTML, like Gecko) Chrome/138.0.0.0 Safari/537.36', 'sec-ch-ua': '""Not)A;Brand"";v=""8"", ""Chromium"";v=""138"", ""Google Chrome"";v=""138""', 'content-type': 'application/json', 'sec-ch-ua-mobile': '?0', 'accept': '*/*', 'origin': 'http://localhost:5173', 'sec-fetch-site': 'same-site', 'sec-fetch-mode': 'cors', 'sec-fetch-dest': 'empty', 'referer': 'http://localhost:5173/', 'accept-encoding': 'gzip, deflate, br, zstd', 'accept-language': 'en-US,en;q=0.9', 'cookie': 'connect.sid=s%3Ayo7bq-FMSmTrGMVtWRPGwVyTua57sUOA.ZCgKKnzgWlSxv4qZmC2tyXvQJ%2FvvTq1%2B1JY9uOalxco', 'if-none-match': 'W/""ae-Ya/2hOJNeU4sDKNfQ/XVgPbpeJE""'}",{},{},NULL
2025-07-31T18:12:41.418Z,GET,/users/ffe67ee0-e989-479d-9a18-dcd6c07ddc60,"{'host': 'localhost:3000', 'connection': 'keep-alive', 'sec-ch-ua-platform': '""macOS""', 'user-agent': 'Mozilla/5.0 (Macintosh; Intel Mac OS X 10_15_7) AppleWebKit/537.36 (KHTML, like Gecko) Chrome/138.0.0.0 Safari/537.36', 'sec-ch-ua': '""Not)A;Brand"";v=""8"", ""Chromium"";v=""138"", ""Google Chrome"";v=""138""', 'content-type': 'application/json', 'sec-ch-ua-mobile': '?0', 'accept': '*/*', 'origin': 'http://localhost:5173', 'sec-fetch-site': 'same-site', 'sec-fetch-mode': 'cors', 'sec-fetch-dest': 'empty', 'referer': 'http://localhost:5173/', 'accept-encoding': 'gzip, deflate, br, zstd', 'accept-language': 'en-US,en;q=0.9', 'if-none-match': 'W/""352-S3LK8eAbSeDqKDO4fDwcnF8MMX4""'}",{},{},NULL
2025-07-31T18:12:41.749Z,GET,/users/ffe67ee0-e989-479d-9a18-dcd6c07ddc60/invitations,"{'host': 'localhost:3000', 'connection': 'keep-alive', 'sec-ch-ua-platform': '""macOS""', 'user-agent': 'Mozilla/5.0 (Macintosh; Intel Mac OS X 10_15_7) AppleWebKit/537.36 (KHTML, like Gecko) Chrome/138.0.0.0 Safari/537.36', 'sec-ch-ua': '""Not)A;Brand"";v=""8"", ""Chromium"";v=""138"", ""Google Chrome"";v=""138""', 'content-type': 'application/json', 'sec-ch-ua-mobile': '?0', 'accept': '*/*', 'origin': 'http://localhost:5173', 'sec-fetch-site': 'same-site', 'sec-fetch-mode': 'cors', 'sec-fetch-dest': 'empty', 'referer': 'http://localhost:5173/', 'accept-encoding': 'gzip, deflate, br, zstd', 'accept-language': 'en-US,en;q=0.9', 'cookie': 'connect.sid=s%3Ayo7bq-FMSmTrGMVtWRPGwVyTua57sUOA.ZCgKKnzgWlSxv4qZmC2tyXvQJ%2FvvTq1%2B1JY9uOalxco', 'if-none-match': 'W/""ae-Ya/2hOJNeU4sDKNfQ/XVgPbpeJE""'}",{},{},NULL
2025-07-31T18:12:41.971Z,GET,/users/ffe67ee0-e989-479d-9a18-dcd6c07ddc60,"{'host': 'localhost:3000', 'connection': 'keep-alive', 'sec-ch-ua-platform': '""macOS""', 'user-agent': 'Mozilla/5.0 (Macintosh; Intel Mac OS X 10_15_7) AppleWebKit/537.36 (KHTML, like Gecko) Chrome/138.0.0.0 Safari/537.36', 'sec-ch-ua': '""Not)A;Brand"";v=""8"", ""Chromium"";v=""138"", ""Google Chrome"";v=""138""', 'content-type': 'application/json', 'sec-ch-ua-mobile': '?0', 'accept': '*/*', 'origin': 'http://localhost:5173', 'sec-fetch-site': 'same-site', 'sec-fetch-mode': 'cors', 'sec-fetch-dest': 'empty', 'referer': 'http://localhost:5173/', 'accept-encoding': 'gzip, deflate, br, zstd', 'accept-language': 'en-US,en;q=0.9', 'if-none-match': 'W/""352-S3LK8eAbSeDqKDO4fDwcnF8MMX4""'}",{},{},NULL
2025-07-31T18:12:41.980Z,GET,/users/ffe67ee0-e989-479d-9a18-dcd6c07ddc60/events,"{'host': 'localhost:3000', 'connection': 'keep-alive', 'sec-ch-ua-platform': '""macOS""', 'user-agent': 'Mozilla/5.0 (Macintosh; Intel Mac OS X 10_15_7) AppleWebKit/537.36 (KHTML, like Gecko) Chrome/138.0.0.0 Safari/537.36', 'sec-ch-ua': '""Not)A;Brand"";v=""8"", ""Chromium"";v=""138"", ""Google Chrome"";v=""138""', 'content-type': 'application/json', 'sec-ch-ua-mobile': '?0', 'accept': '*/*', 'origin': 'http://localhost:5173', 'sec-fetch-site': 'same-site', 'sec-fetch-mode': 'cors', 'sec-fetch-dest': 'empty', 'referer': 'http://localhost:5173/', 'accept-encoding': 'gzip, deflate, br, zstd', 'accept-language': 'en-US,en;q=0.9', 'if-none-match': 'W/""1d8b-ktI5jcSibld4OtzXBc5NNwNoHLE""'}",{},{},NULL
2025-07-31T18:12:42.783Z,GET,/users/ffe67ee0-e989-479d-9a18-dcd6c07ddc60/events,"{'host': 'localhost:3000', 'connection': 'keep-alive', 'sec-ch-ua-platform': '""macOS""', 'user-agent': 'Mozilla/5.0 (Macintosh; Intel Mac OS X 10_15_7) AppleWebKit/537.36 (KHTML, like Gecko) Chrome/138.0.0.0 Safari/537.36', 'sec-ch-ua': '""Not)A;Brand"";v=""8"", ""Chromium"";v=""138"", ""Google Chrome"";v=""138""', 'content-type': 'application/json', 'sec-ch-ua-mobile': '?0', 'accept': '*/*', 'origin': 'http://localhost:5173', 'sec-fetch-site': 'same-site', 'sec-fetch-mode': 'cors', 'sec-fetch-dest': 'empty', 'referer': 'http://localhost:5173/', 'accept-encoding': 'gzip, deflate, br, zstd', 'accept-language': 'en-US,en;q=0.9', 'if-none-match': 'W/""1d8b-ktI5jcSibld4OtzXBc5NNwNoHLE""'}",{},{},NULL
2025-07-31T18:12:42.796Z,GET,/users/preferences/tags,"{'host': 'localhost:3000', 'connection': 'keep-alive', 'sec-ch-ua-platform': '""macOS""', 'user-agent': 'Mozilla/5.0 (Macintosh; Intel Mac OS X 10_15_7) AppleWebKit/537.36 (KHTML, like Gecko) Chrome/138.0.0.0 Safari/537.36', 'sec-ch-ua': '""Not)A;Brand"";v=""8"", ""Chromium"";v=""138"", ""Google Chrome"";v=""138""', 'content-type': 'application/json', 'sec-ch-ua-mobile': '?0', 'accept': '*/*', 'origin': 'http://localhost:5173', 'sec-fetch-site': 'same-site', 'sec-fetch-mode': 'cors', 'sec-fetch-dest': 'empty', 'referer': 'http://localhost:5173/', 'accept-encoding': 'gzip, deflate, br, zstd', 'accept-language': 'en-US,en;q=0.9', 'if-none-match': 'W/""602-lmapMuqDG2yi2LDDsoq0ISsNw2I""'}",{},{},NULL
2025-07-31T18:12:42.864Z,GET,/users/preferences/tags,"{'host': 'localhost:3000', 'connection': 'keep-alive', 'sec-ch-ua-platform': '""macOS""', 'user-agent': 'Mozilla/5.0 (Macintosh; Intel Mac OS X 10_15_7) AppleWebKit/537.36 (KHTML, like Gecko) Chrome/138.0.0.0 Safari/537.36', 'sec-ch-ua': '""Not)A;Brand"";v=""8"", ""Chromium"";v=""138"", ""Google Chrome"";v=""138""', 'content-type': 'application/json', 'sec-ch-ua-mobile': '?0', 'accept': '*/*', 'origin': 'http://localhost:5173', 'sec-fetch-site': 'same-site', 'sec-fetch-mode': 'cors', 'sec-fetch-dest': 'empty', 'referer': 'http://localhost:5173/', 'accept-encoding': 'gzip, deflate, br, zstd', 'accept-language': 'en-US,en;q=0.9', 'if-none-match': 'W/""602-lmapMuqDG2yi2LDDsoq0ISsNw2I""'}",{},{},NULL
2025-07-31T18:19:11.614Z,GET,/users/ffe67ee0-e989-479d-9a18-dcd6c07ddc60,"{'host': 'localhost:3000', 'connection': 'keep-alive', 'sec-ch-ua-platform': '""macOS""', 'user-agent': 'Mozilla/5.0 (Macintosh; Intel Mac OS X 10_15_7) AppleWebKit/537.36 (KHTML, like Gecko) Chrome/138.0.0.0 Safari/537.36', 'sec-ch-ua': '""Not)A;Brand"";v=""8"", ""Chromium"";v=""138"", ""Google Chrome"";v=""138""', 'content-type': 'application/json', 'sec-ch-ua-mobile': '?0', 'accept': '*/*', 'origin': 'http://localhost:5173', 'sec-fetch-site': 'same-site', 'sec-fetch-mode': 'cors', 'sec-fetch-dest': 'empty', 'referer': 'http://localhost:5173/', 'accept-encoding': 'gzip, deflate, br, zstd', 'accept-language': 'en-US,en;q=0.9', 'if-none-match': 'W/""352-S3LK8eAbSeDqKDO4fDwcnF8MMX4""'}",{},{},NULL
2025-07-31T18:19:11.615Z,GET,/users/ffe67ee0-e989-479d-9a18-dcd6c07ddc60/invitations,"{'host': 'localhost:3000', 'connection': 'keep-alive', 'sec-ch-ua-platform': '""macOS""', 'user-agent': 'Mozilla/5.0 (Macintosh; Intel Mac OS X 10_15_7) AppleWebKit/537.36 (KHTML, like Gecko) Chrome/138.0.0.0 Safari/537.36', 'sec-ch-ua': '""Not)A;Brand"";v=""8"", ""Chromium"";v=""138"", ""Google Chrome"";v=""138""', 'content-type': 'application/json', 'sec-ch-ua-mobile': '?0', 'accept': '*/*', 'origin': 'http://localhost:5173', 'sec-fetch-site': 'same-site', 'sec-fetch-mode': 'cors', 'sec-fetch-dest': 'empty', 'referer': 'http://localhost:5173/', 'accept-encoding': 'gzip, deflate, br, zstd', 'accept-language': 'en-US,en;q=0.9', 'cookie': 'connect.sid=s%3Ayo7bq-FMSmTrGMVtWRPGwVyTua57sUOA.ZCgKKnzgWlSxv4qZmC2tyXvQJ%2FvvTq1%2B1JY9uOalxco', 'if-none-match': 'W/""ae-Ya/2hOJNeU4sDKNfQ/XVgPbpeJE""'}",{},{},NULL
2025-07-31T18:19:12.964Z,GET,/users/ffe67ee0-e989-479d-9a18-dcd6c07ddc60/events,"{'host': 'localhost:3000', 'connection': 'keep-alive', 'sec-ch-ua-platform': '""macOS""', 'user-agent': 'Mozilla/5.0 (Macintosh; Intel Mac OS X 10_15_7) AppleWebKit/537.36 (KHTML, like Gecko) Chrome/138.0.0.0 Safari/537.36', 'sec-ch-ua': '""Not)A;Brand"";v=""8"", ""Chromium"";v=""138"", ""Google Chrome"";v=""138""', 'content-type': 'application/json', 'sec-ch-ua-mobile': '?0', 'accept': '*/*', 'origin': 'http://localhost:5173', 'sec-fetch-site': 'same-site', 'sec-fetch-mode': 'cors', 'sec-fetch-dest': 'empty', 'referer': 'http://localhost:5173/', 'accept-encoding': 'gzip, deflate, br, zstd', 'accept-language': 'en-US,en;q=0.9', 'if-none-match': 'W/""1d8b-ktI5jcSibld4OtzXBc5NNwNoHLE""'}",{},{},NULL
2025-07-31T18:19:13.212Z,GET,/users/preferences/tags,"{'host': 'localhost:3000', 'connection': 'keep-alive', 'sec-ch-ua-platform': '""macOS""', 'user-agent': 'Mozilla/5.0 (Macintosh; Intel Mac OS X 10_15_7) AppleWebKit/537.36 (KHTML, like Gecko) Chrome/138.0.0.0 Safari/537.36', 'sec-ch-ua': '""Not)A;Brand"";v=""8"", ""Chromium"";v=""138"", ""Google Chrome"";v=""138""', 'content-type': 'application/json', 'sec-ch-ua-mobile': '?0', 'accept': '*/*', 'origin': 'http://localhost:5173', 'sec-fetch-site': 'same-site', 'sec-fetch-mode': 'cors', 'sec-fetch-dest': 'empty', 'referer': 'http://localhost:5173/', 'accept-encoding': 'gzip, deflate, br, zstd', 'accept-language': 'en-US,en;q=0.9', 'if-none-match': 'W/""602-lmapMuqDG2yi2LDDsoq0ISsNw2I""'}",{},{},NULL
2025-07-31T18:33:46.192Z,POST,/auth/login,"{'host': 'localhost:3000', 'connection': 'keep-alive', 'content-length': '47', 'sec-ch-ua-platform': '""macOS""', 'user-agent': 'Mozilla/5.0 (Macintosh; Intel Mac OS X 10_15_7) AppleWebKit/537.36 (KHTML, like Gecko) Chrome/138.0.0.0 Safari/537.36', 'sec-ch-ua': '""Not)A;Brand"";v=""8"", ""Chromium"";v=""138"", ""Google Chrome"";v=""138""', 'content-type': 'application/json', 'sec-ch-ua-mobile': '?0', 'accept': '*/*', 'origin': 'http://localhost:5173', 'sec-fetch-site': 'same-site', 'sec-fetch-mode': 'cors', 'sec-fetch-dest': 'empty', 'referer': 'http://localhost:5173/', 'accept-encoding': 'gzip, deflate, br, zstd', 'accept-language': 'en-US,en;q=0.9', 'cookie': 'connect.sid=s%3Ayo7bq-FMSmTrGMVtWRPGwVyTua57sUOA.ZCgKKnzgWlSxv4qZmC2tyXvQJ%2FvvTq1%2B1JY9uOalxco'}",{},{},"{'email': 'test@test.com', 'password': 'testtest'}"
2025-07-31T18:33:47.313Z,GET,/users/ffe67ee0-e989-479d-9a18-dcd6c07ddc60/invitations,"{'host': 'localhost:3000', 'connection': 'keep-alive', 'sec-ch-ua-platform': '""macOS""', 'user-agent': 'Mozilla/5.0 (Macintosh; Intel Mac OS X 10_15_7) AppleWebKit/537.36 (KHTML, like Gecko) Chrome/138.0.0.0 Safari/537.36', 'sec-ch-ua': '""Not)A;Brand"";v=""8"", ""Chromium"";v=""138"", ""Google Chrome"";v=""138""', 'content-type': 'application/json', 'sec-ch-ua-mobile': '?0', 'accept': '*/*', 'origin': 'http://localhost:5173', 'sec-fetch-site': 'same-site', 'sec-fetch-mode': 'cors', 'sec-fetch-dest': 'empty', 'referer': 'http://localhost:5173/', 'accept-encoding': 'gzip, deflate, br, zstd', 'accept-language': 'en-US,en;q=0.9', 'cookie': 'connect.sid=s%3A75RGY46xRiukq9tKZTZzS_74ezgs4mB5.9YCD6zlft%2B1Ucp1lqvM5nryh%2B7ln%2BqHHyZWD7d8kAS4', 'if-none-match': 'W/""ae-Ya/2hOJNeU4sDKNfQ/XVgPbpeJE""'}",{},{},NULL
2025-07-31T18:33:47.346Z,GET,/users/ffe67ee0-e989-479d-9a18-dcd6c07ddc60,"{'host': 'localhost:3000', 'connection': 'keep-alive', 'sec-ch-ua-platform': '""macOS""', 'user-agent': 'Mozilla/5.0 (Macintosh; Intel Mac OS X 10_15_7) AppleWebKit/537.36 (KHTML, like Gecko) Chrome/138.0.0.0 Safari/537.36', 'sec-ch-ua': '""Not)A;Brand"";v=""8"", ""Chromium"";v=""138"", ""Google Chrome"";v=""138""', 'content-type': 'application/json', 'sec-ch-ua-mobile': '?0', 'accept': '*/*', 'origin': 'http://localhost:5173', 'sec-fetch-site': 'same-site', 'sec-fetch-mode': 'cors', 'sec-fetch-dest': 'empty', 'referer': 'http://localhost:5173/', 'accept-encoding': 'gzip, deflate, br, zstd', 'accept-language': 'en-US,en;q=0.9', 'if-none-match': 'W/""352-S3LK8eAbSeDqKDO4fDwcnF8MMX4""'}",{},{},NULL
2025-07-31T18:33:47.735Z,GET,/users/ffe67ee0-e989-479d-9a18-dcd6c07ddc60/invitations,"{'host': 'localhost:3000', 'connection': 'keep-alive', 'sec-ch-ua-platform': '""macOS""', 'user-agent': 'Mozilla/5.0 (Macintosh; Intel Mac OS X 10_15_7) AppleWebKit/537.36 (KHTML, like Gecko) Chrome/138.0.0.0 Safari/537.36', 'sec-ch-ua': '""Not)A;Brand"";v=""8"", ""Chromium"";v=""138"", ""Google Chrome"";v=""138""', 'content-type': 'application/json', 'sec-ch-ua-mobile': '?0', 'accept': '*/*', 'origin': 'http://localhost:5173', 'sec-fetch-site': 'same-site', 'sec-fetch-mode': 'cors', 'sec-fetch-dest': 'empty', 'referer': 'http://localhost:5173/', 'accept-encoding': 'gzip, deflate, br, zstd', 'accept-language': 'en-US,en;q=0.9', 'cookie': 'connect.sid=s%3A75RGY46xRiukq9tKZTZzS_74ezgs4mB5.9YCD6zlft%2B1Ucp1lqvM5nryh%2B7ln%2BqHHyZWD7d8kAS4', 'if-none-match': 'W/""ae-Ya/2hOJNeU4sDKNfQ/XVgPbpeJE""'}",{},{},NULL
2025-07-31T18:33:48.052Z,GET,/users/ffe67ee0-e989-479d-9a18-dcd6c07ddc60,"{'host': 'localhost:3000', 'connection': 'keep-alive', 'sec-ch-ua-platform': '""macOS""', 'user-agent': 'Mozilla/5.0 (Macintosh; Intel Mac OS X 10_15_7) AppleWebKit/537.36 (KHTML, like Gecko) Chrome/138.0.0.0 Safari/537.36', 'sec-ch-ua': '""Not)A;Brand"";v=""8"", ""Chromium"";v=""138"", ""Google Chrome"";v=""138""', 'content-type': 'application/json', 'sec-ch-ua-mobile': '?0', 'accept': '*/*', 'origin': 'http://localhost:5173', 'sec-fetch-site': 'same-site', 'sec-fetch-mode': 'cors', 'sec-fetch-dest': 'empty', 'referer': 'http://localhost:5173/', 'accept-encoding': 'gzip, deflate, br, zstd', 'accept-language': 'en-US,en;q=0.9', 'if-none-match': 'W/""352-S3LK8eAbSeDqKDO4fDwcnF8MMX4""'}",{},{},NULL
2025-07-31T18:33:48.055Z,GET,/users/ffe67ee0-e989-479d-9a18-dcd6c07ddc60/events,"{'host': 'localhost:3000', 'connection': 'keep-alive', 'sec-ch-ua-platform': '""macOS""', 'user-agent': 'Mozilla/5.0 (Macintosh; Intel Mac OS X 10_15_7) AppleWebKit/537.36 (KHTML, like Gecko) Chrome/138.0.0.0 Safari/537.36', 'sec-ch-ua': '""Not)A;Brand"";v=""8"", ""Chromium"";v=""138"", ""Google Chrome"";v=""138""', 'content-type': 'application/json', 'sec-ch-ua-mobile': '?0', 'accept': '*/*', 'origin': 'http://localhost:5173', 'sec-fetch-site': 'same-site', 'sec-fetch-mode': 'cors', 'sec-fetch-dest': 'empty', 'referer': 'http://localhost:5173/', 'accept-encoding': 'gzip, deflate, br, zstd', 'accept-language': 'en-US,en;q=0.9', 'if-none-match': 'W/""1d8b-ktI5jcSibld4OtzXBc5NNwNoHLE""'}",{},{},NULL
2025-07-31T18:33:48.929Z,GET,/users/preferences/tags,"{'host': 'localhost:3000', 'connection': 'keep-alive', 'sec-ch-ua-platform': '""macOS""', 'user-agent': 'Mozilla/5.0 (Macintosh; Intel Mac OS X 10_15_7) AppleWebKit/537.36 (KHTML, like Gecko) Chrome/138.0.0.0 Safari/537.36', 'sec-ch-ua': '""Not)A;Brand"";v=""8"", ""Chromium"";v=""138"", ""Google Chrome"";v=""138""', 'content-type': 'application/json', 'sec-ch-ua-mobile': '?0', 'accept': '*/*', 'origin': 'http://localhost:5173', 'sec-fetch-site': 'same-site', 'sec-fetch-mode': 'cors', 'sec-fetch-dest': 'empty', 'referer': 'http://localhost:5173/', 'accept-encoding': 'gzip, deflate, br, zstd', 'accept-language': 'en-US,en;q=0.9', 'if-none-match': 'W/""602-lmapMuqDG2yi2LDDsoq0ISsNw2I""'}",{},{},NULL
2025-07-31T18:33:49.022Z,GET,/users/ffe67ee0-e989-479d-9a18-dcd6c07ddc60/events,"{'host': 'localhost:3000', 'connection': 'keep-alive', 'sec-ch-ua-platform': '""macOS""', 'user-agent': 'Mozilla/5.0 (Macintosh; Intel Mac OS X 10_15_7) AppleWebKit/537.36 (KHTML, like Gecko) Chrome/138.0.0.0 Safari/537.36', 'sec-ch-ua': '""Not)A;Brand"";v=""8"", ""Chromium"";v=""138"", ""Google Chrome"";v=""138""', 'content-type': 'application/json', 'sec-ch-ua-mobile': '?0', 'accept': '*/*', 'origin': 'http://localhost:5173', 'sec-fetch-site': 'same-site', 'sec-fetch-mode': 'cors', 'sec-fetch-dest': 'empty', 'referer': 'http://localhost:5173/', 'accept-encoding': 'gzip, deflate, br, zstd', 'accept-language': 'en-US,en;q=0.9', 'if-none-match': 'W/""1d8b-ktI5jcSibld4OtzXBc5NNwNoHLE""'}",{},{},NULL
2025-07-31T18:33:49.236Z,GET,/users/preferences/tags,"{'host': 'localhost:3000', 'connection': 'keep-alive', 'sec-ch-ua-platform': '""macOS""', 'user-agent': 'Mozilla/5.0 (Macintosh; Intel Mac OS X 10_15_7) AppleWebKit/537.36 (KHTML, like Gecko) Chrome/138.0.0.0 Safari/537.36', 'sec-ch-ua': '""Not)A;Brand"";v=""8"", ""Chromium"";v=""138"", ""Google Chrome"";v=""138""', 'content-type': 'application/json', 'sec-ch-ua-mobile': '?0', 'accept': '*/*', 'origin': 'http://localhost:5173', 'sec-fetch-site': 'same-site', 'sec-fetch-mode': 'cors', 'sec-fetch-dest': 'empty', 'referer': 'http://localhost:5173/', 'accept-encoding': 'gzip, deflate, br, zstd', 'accept-language': 'en-US,en;q=0.9', 'if-none-match': 'W/""602-lmapMuqDG2yi2LDDsoq0ISsNw2I""'}",{},{},NULL
2025-07-31T18:34:25.890Z,GET,/users/ffe67ee0-e989-479d-9a18-dcd6c07ddc60/invitations,"{'host': 'localhost:3000', 'connection': 'keep-alive', 'sec-ch-ua-platform': '""macOS""', 'user-agent': 'Mozilla/5.0 (Macintosh; Intel Mac OS X 10_15_7) AppleWebKit/537.36 (KHTML, like Gecko) Chrome/138.0.0.0 Safari/537.36', 'sec-ch-ua': '""Not)A;Brand"";v=""8"", ""Chromium"";v=""138"", ""Google Chrome"";v=""138""', 'content-type': 'application/json', 'sec-ch-ua-mobile': '?0', 'accept': '*/*', 'origin': 'http://localhost:5173', 'sec-fetch-site': 'same-site', 'sec-fetch-mode': 'cors', 'sec-fetch-dest': 'empty', 'referer': 'http://localhost:5173/', 'accept-encoding': 'gzip, deflate, br, zstd', 'accept-language': 'en-US,en;q=0.9', 'cookie': 'connect.sid=s%3A75RGY46xRiukq9tKZTZzS_74ezgs4mB5.9YCD6zlft%2B1Ucp1lqvM5nryh%2B7ln%2BqHHyZWD7d8kAS4', 'if-none-match': 'W/""ae-Ya/2hOJNeU4sDKNfQ/XVgPbpeJE""'}",{},{},NULL
2025-07-31T18:34:25.890Z,GET,/users/ffe67ee0-e989-479d-9a18-dcd6c07ddc60,"{'host': 'localhost:3000', 'connection': 'keep-alive', 'sec-ch-ua-platform': '""macOS""', 'user-agent': 'Mozilla/5.0 (Macintosh; Intel Mac OS X 10_15_7) AppleWebKit/537.36 (KHTML, like Gecko) Chrome/138.0.0.0 Safari/537.36', 'sec-ch-ua': '""Not)A;Brand"";v=""8"", ""Chromium"";v=""138"", ""Google Chrome"";v=""138""', 'content-type': 'application/json', 'sec-ch-ua-mobile': '?0', 'accept': '*/*', 'origin': 'http://localhost:5173', 'sec-fetch-site': 'same-site', 'sec-fetch-mode': 'cors', 'sec-fetch-dest': 'empty', 'referer': 'http://localhost:5173/', 'accept-encoding': 'gzip, deflate, br, zstd', 'accept-language': 'en-US,en;q=0.9', 'if-none-match': 'W/""352-S3LK8eAbSeDqKDO4fDwcnF8MMX4""'}",{},{},NULL
2025-07-31T18:34:25.978Z,GET,/users/ffe67ee0-e989-479d-9a18-dcd6c07ddc60,"{'host': 'localhost:3000', 'connection': 'keep-alive', 'sec-ch-ua-platform': '""macOS""', 'user-agent': 'Mozilla/5.0 (Macintosh; Intel Mac OS X 10_15_7) AppleWebKit/537.36 (KHTML, like Gecko) Chrome/138.0.0.0 Safari/537.36', 'sec-ch-ua': '""Not)A;Brand"";v=""8"", ""Chromium"";v=""138"", ""Google Chrome"";v=""138""', 'content-type': 'application/json', 'sec-ch-ua-mobile': '?0', 'accept': '*/*', 'origin': 'http://localhost:5173', 'sec-fetch-site': 'same-site', 'sec-fetch-mode': 'cors', 'sec-fetch-dest': 'empty', 'referer': 'http://localhost:5173/', 'accept-encoding': 'gzip, deflate, br, zstd', 'accept-language': 'en-US,en;q=0.9', 'if-none-match': 'W/""352-S3LK8eAbSeDqKDO4fDwcnF8MMX4""'}",{},{},NULL
2025-07-31T18:34:25.981Z,GET,/users/ffe67ee0-e989-479d-9a18-dcd6c07ddc60/events,"{'host': 'localhost:3000', 'connection': 'keep-alive', 'sec-ch-ua-platform': '""macOS""', 'user-agent': 'Mozilla/5.0 (Macintosh; Intel Mac OS X 10_15_7) AppleWebKit/537.36 (KHTML, like Gecko) Chrome/138.0.0.0 Safari/537.36', 'sec-ch-ua': '""Not)A;Brand"";v=""8"", ""Chromium"";v=""138"", ""Google Chrome"";v=""138""', 'content-type': 'application/json', 'sec-ch-ua-mobile': '?0', 'accept': '*/*', 'origin': 'http://localhost:5173', 'sec-fetch-site': 'same-site', 'sec-fetch-mode': 'cors', 'sec-fetch-dest': 'empty', 'referer': 'http://localhost:5173/', 'accept-encoding': 'gzip, deflate, br, zstd', 'accept-language': 'en-US,en;q=0.9', 'if-none-match': 'W/""1d8b-ktI5jcSibld4OtzXBc5NNwNoHLE""'}",{},{},NULL
2025-07-31T18:34:26.003Z,GET,/users/ffe67ee0-e989-479d-9a18-dcd6c07ddc60/invitations,"{'host': 'localhost:3000', 'connection': 'keep-alive', 'sec-ch-ua-platform': '""macOS""', 'user-agent': 'Mozilla/5.0 (Macintosh; Intel Mac OS X 10_15_7) AppleWebKit/537.36 (KHTML, like Gecko) Chrome/138.0.0.0 Safari/537.36', 'sec-ch-ua': '""Not)A;Brand"";v=""8"", ""Chromium"";v=""138"", ""Google Chrome"";v=""138""', 'content-type': 'application/json', 'sec-ch-ua-mobile': '?0', 'accept': '*/*', 'origin': 'http://localhost:5173', 'sec-fetch-site': 'same-site', 'sec-fetch-mode': 'cors', 'sec-fetch-dest': 'empty', 'referer': 'http://localhost:5173/', 'accept-encoding': 'gzip, deflate, br, zstd', 'accept-language': 'en-US,en;q=0.9', 'cookie': 'connect.sid=s%3A75RGY46xRiukq9tKZTZzS_74ezgs4mB5.9YCD6zlft%2B1Ucp1lqvM5nryh%2B7ln%2BqHHyZWD7d8kAS4', 'if-none-match': 'W/""ae-Ya/2hOJNeU4sDKNfQ/XVgPbpeJE""'}",{},{},NULL
2025-07-31T18:34:26.039Z,GET,/users/preferences/tags,"{'host': 'localhost:3000', 'connection': 'keep-alive', 'sec-ch-ua-platform': '""macOS""', 'user-agent': 'Mozilla/5.0 (Macintosh; Intel Mac OS X 10_15_7) AppleWebKit/537.36 (KHTML, like Gecko) Chrome/138.0.0.0 Safari/537.36', 'sec-ch-ua': '""Not)A;Brand"";v=""8"", ""Chromium"";v=""138"", ""Google Chrome"";v=""138""', 'content-type': 'application/json', 'sec-ch-ua-mobile': '?0', 'accept': '*/*', 'origin': 'http://localhost:5173', 'sec-fetch-site': 'same-site', 'sec-fetch-mode': 'cors', 'sec-fetch-dest': 'empty', 'referer': 'http://localhost:5173/', 'accept-encoding': 'gzip, deflate, br, zstd', 'accept-language': 'en-US,en;q=0.9', 'if-none-match': 'W/""602-lmapMuqDG2yi2LDDsoq0ISsNw2I""'}",{},{},NULL
2025-07-31T18:34:26.136Z,GET,/users/ffe67ee0-e989-479d-9a18-dcd6c07ddc60/events,"{'host': 'localhost:3000', 'connection': 'keep-alive', 'sec-ch-ua-platform': '""macOS""', 'user-agent': 'Mozilla/5.0 (Macintosh; Intel Mac OS X 10_15_7) AppleWebKit/537.36 (KHTML, like Gecko) Chrome/138.0.0.0 Safari/537.36', 'sec-ch-ua': '""Not)A;Brand"";v=""8"", ""Chromium"";v=""138"", ""Google Chrome"";v=""138""', 'content-type': 'application/json', 'sec-ch-ua-mobile': '?0', 'accept': '*/*', 'origin': 'http://localhost:5173', 'sec-fetch-site': 'same-site', 'sec-fetch-mode': 'cors', 'sec-fetch-dest': 'empty', 'referer': 'http://localhost:5173/', 'accept-encoding': 'gzip, deflate, br, zstd', 'accept-language': 'en-US,en;q=0.9', 'if-none-match': 'W/""1d8b-ktI5jcSibld4OtzXBc5NNwNoHLE""'}",{},{},NULL
2025-07-31T18:34:26.228Z,GET,/users/preferences/tags,"{'host': 'localhost:3000', 'connection': 'keep-alive', 'sec-ch-ua-platform': '""macOS""', 'user-agent': 'Mozilla/5.0 (Macintosh; Intel Mac OS X 10_15_7) AppleWebKit/537.36 (KHTML, like Gecko) Chrome/138.0.0.0 Safari/537.36', 'sec-ch-ua': '""Not)A;Brand"";v=""8"", ""Chromium"";v=""138"", ""Google Chrome"";v=""138""', 'content-type': 'application/json', 'sec-ch-ua-mobile': '?0', 'accept': '*/*', 'origin': 'http://localhost:5173', 'sec-fetch-site': 'same-site', 'sec-fetch-mode': 'cors', 'sec-fetch-dest': 'empty', 'referer': 'http://localhost:5173/', 'accept-encoding': 'gzip, deflate, br, zstd', 'accept-language': 'en-US,en;q=0.9', 'if-none-match': 'W/""602-lmapMuqDG2yi2LDDsoq0ISsNw2I""'}",{},{},NULL
2025-07-31T18:36:18.912Z,PUT,/users/ffe67ee0-e989-479d-9a18-dcd6c07ddc60,"{'host': 'localhost:3000', 'connection': 'keep-alive', 'content-length': '373', 'sec-ch-ua-platform': '""macOS""', 'user-agent': 'Mozilla/5.0 (Macintosh; Intel Mac OS X 10_15_7) AppleWebKit/537.36 (KHTML, like Gecko) Chrome/138.0.0.0 Safari/537.36', 'sec-ch-ua': '""Not)A;Brand"";v=""8"", ""Chromium"";v=""138"", ""Google Chrome"";v=""138""', 'content-type': 'application/json', 'sec-ch-ua-mobile': '?0', 'accept': '*/*', 'origin': 'http://localhost:5173', 'sec-fetch-site': 'same-site', 'sec-fetch-mode': 'cors', 'sec-fetch-dest': 'empty', 'referer': 'http://localhost:5173/', 'accept-encoding': 'gzip, deflate, br, zstd', 'accept-language': 'en-US,en;q=0.9'}",{},{},"{'name': 'Theo', 'location': {'address': '300 College Ave, Los Gatos, CA 95030, USA', 'latitude': 37.213477999999995, 'longitude': -121.981544}, 'avatar': 'https://link-images-local.s3.us-east-2.amazonaws.com/userAvatars/ffe67ee0-e989-479d-9a18-dcd6c07ddc60/1752857701781_original-04DAF32A-7013-45DD-9024-62E3E9635C5D.jpeg', 'tags': ['fun', 'Concert', 'Football', 'Python', 'C++', 'Grass']}"
2025-07-31T19:01:17.726Z,POST,/auth/login,"{'host': 'localhost:3000', 'connection': 'keep-alive', 'content-length': '47', 'sec-ch-ua-platform': '""macOS""', 'user-agent': 'Mozilla/5.0 (Macintosh; Intel Mac OS X 10_15_7) AppleWebKit/537.36 (KHTML, like Gecko) Chrome/138.0.0.0 Safari/537.36', 'sec-ch-ua': '""Not)A;Brand"";v=""8"", ""Chromium"";v=""138"", ""Google Chrome"";v=""138""', 'content-type': 'application/json', 'sec-ch-ua-mobile': '?0', 'accept': '*/*', 'origin': 'http://localhost:5173', 'sec-fetch-site': 'same-site', 'sec-fetch-mode': 'cors', 'sec-fetch-dest': 'empty', 'referer': 'http://localhost:5173/', 'accept-encoding': 'gzip, deflate, br, zstd', 'accept-language': 'en-US,en;q=0.9', 'cookie': 'connect.sid=s%3A75RGY46xRiukq9tKZTZzS_74ezgs4mB5.9YCD6zlft%2B1Ucp1lqvM5nryh%2B7ln%2BqHHyZWD7d8kAS4'}",{},{},"{'email': 'test@test.com', 'password': 'testtest'}"
2025-07-31T19:01:19.654Z,GET,/users/ffe67ee0-e989-479d-9a18-dcd6c07ddc60/invitations,"{'host': 'localhost:3000', 'connection': 'keep-alive', 'sec-ch-ua-platform': '""macOS""', 'user-agent': 'Mozilla/5.0 (Macintosh; Intel Mac OS X 10_15_7) AppleWebKit/537.36 (KHTML, like Gecko) Chrome/138.0.0.0 Safari/537.36', 'sec-ch-ua': '""Not)A;Brand"";v=""8"", ""Chromium"";v=""138"", ""Google Chrome"";v=""138""', 'content-type': 'application/json', 'sec-ch-ua-mobile': '?0', 'accept': '*/*', 'origin': 'http://localhost:5173', 'sec-fetch-site': 'same-site', 'sec-fetch-mode': 'cors', 'sec-fetch-dest': 'empty', 'referer': 'http://localhost:5173/', 'accept-encoding': 'gzip, deflate, br, zstd', 'accept-language': 'en-US,en;q=0.9', 'cookie': 'connect.sid=s%3AI1E13FyT7Qm7IcUBwmlwp0u0sZODixPJ.NPTthFIqn7YNVJgvzTjrp6u1mLnWlkPCj6WEzP%2FawhI', 'if-none-match': 'W/""ae-Ya/2hOJNeU4sDKNfQ/XVgPbpeJE""'}",{},{},NULL
2025-07-31T19:01:19.698Z,GET,/users/ffe67ee0-e989-479d-9a18-dcd6c07ddc60,"{'host': 'localhost:3000', 'connection': 'keep-alive', 'sec-ch-ua-platform': '""macOS""', 'user-agent': 'Mozilla/5.0 (Macintosh; Intel Mac OS X 10_15_7) AppleWebKit/537.36 (KHTML, like Gecko) Chrome/138.0.0.0 Safari/537.36', 'sec-ch-ua': '""Not)A;Brand"";v=""8"", ""Chromium"";v=""138"", ""Google Chrome"";v=""138""', 'content-type': 'application/json', 'sec-ch-ua-mobile': '?0', 'accept': '*/*', 'origin': 'http://localhost:5173', 'sec-fetch-site': 'same-site', 'sec-fetch-mode': 'cors', 'sec-fetch-dest': 'empty', 'referer': 'http://localhost:5173/', 'accept-encoding': 'gzip, deflate, br, zstd', 'accept-language': 'en-US,en;q=0.9'}",{},{},NULL
2025-07-31T19:01:20.015Z,GET,/users/ffe67ee0-e989-479d-9a18-dcd6c07ddc60/invitations,"{'host': 'localhost:3000', 'connection': 'keep-alive', 'sec-ch-ua-platform': '""macOS""', 'user-agent': 'Mozilla/5.0 (Macintosh; Intel Mac OS X 10_15_7) AppleWebKit/537.36 (KHTML, like Gecko) Chrome/138.0.0.0 Safari/537.36', 'sec-ch-ua': '""Not)A;Brand"";v=""8"", ""Chromium"";v=""138"", ""Google Chrome"";v=""138""', 'content-type': 'application/json', 'sec-ch-ua-mobile': '?0', 'accept': '*/*', 'origin': 'http://localhost:5173', 'sec-fetch-site': 'same-site', 'sec-fetch-mode': 'cors', 'sec-fetch-dest': 'empty', 'referer': 'http://localhost:5173/', 'accept-encoding': 'gzip, deflate, br, zstd', 'accept-language': 'en-US,en;q=0.9', 'cookie': 'connect.sid=s%3AI1E13FyT7Qm7IcUBwmlwp0u0sZODixPJ.NPTthFIqn7YNVJgvzTjrp6u1mLnWlkPCj6WEzP%2FawhI', 'if-none-match': 'W/""ae-Ya/2hOJNeU4sDKNfQ/XVgPbpeJE""'}",{},{},NULL
2025-07-31T19:01:20.132Z,GET,/users/ffe67ee0-e989-479d-9a18-dcd6c07ddc60,"{'host': 'localhost:3000', 'connection': 'keep-alive', 'sec-ch-ua-platform': '""macOS""', 'user-agent': 'Mozilla/5.0 (Macintosh; Intel Mac OS X 10_15_7) AppleWebKit/537.36 (KHTML, like Gecko) Chrome/138.0.0.0 Safari/537.36', 'sec-ch-ua': '""Not)A;Brand"";v=""8"", ""Chromium"";v=""138"", ""Google Chrome"";v=""138""', 'content-type': 'application/json', 'sec-ch-ua-mobile': '?0', 'accept': '*/*', 'origin': 'http://localhost:5173', 'sec-fetch-site': 'same-site', 'sec-fetch-mode': 'cors', 'sec-fetch-dest': 'empty', 'referer': 'http://localhost:5173/', 'accept-encoding': 'gzip, deflate, br, zstd', 'accept-language': 'en-US,en;q=0.9', 'if-none-match': 'W/""352-S3LK8eAbSeDqKDO4fDwcnF8MMX4""'}",{},{},NULL
2025-07-31T19:01:20.160Z,GET,/users/ffe67ee0-e989-479d-9a18-dcd6c07ddc60/events,"{'host': 'localhost:3000', 'connection': 'keep-alive', 'sec-ch-ua-platform': '""macOS""', 'user-agent': 'Mozilla/5.0 (Macintosh; Intel Mac OS X 10_15_7) AppleWebKit/537.36 (KHTML, like Gecko) Chrome/138.0.0.0 Safari/537.36', 'sec-ch-ua': '""Not)A;Brand"";v=""8"", ""Chromium"";v=""138"", ""Google Chrome"";v=""138""', 'content-type': 'application/json', 'sec-ch-ua-mobile': '?0', 'accept': '*/*', 'origin': 'http://localhost:5173', 'sec-fetch-site': 'same-site', 'sec-fetch-mode': 'cors', 'sec-fetch-dest': 'empty', 'referer': 'http://localhost:5173/', 'accept-encoding': 'gzip, deflate, br, zstd', 'accept-language': 'en-US,en;q=0.9', 'if-none-match': 'W/""1d8b-ktI5jcSibld4OtzXBc5NNwNoHLE""'}",{},{},NULL
2025-07-31T19:01:20.503Z,GET,/users/ffe67ee0-e989-479d-9a18-dcd6c07ddc60/events,"{'host': 'localhost:3000', 'connection': 'keep-alive', 'sec-ch-ua-platform': '""macOS""', 'user-agent': 'Mozilla/5.0 (Macintosh; Intel Mac OS X 10_15_7) AppleWebKit/537.36 (KHTML, like Gecko) Chrome/138.0.0.0 Safari/537.36', 'sec-ch-ua': '""Not)A;Brand"";v=""8"", ""Chromium"";v=""138"", ""Google Chrome"";v=""138""', 'content-type': 'application/json', 'sec-ch-ua-mobile': '?0', 'accept': '*/*', 'origin': 'http://localhost:5173', 'sec-fetch-site': 'same-site', 'sec-fetch-mode': 'cors', 'sec-fetch-dest': 'empty', 'referer': 'http://localhost:5173/', 'accept-encoding': 'gzip, deflate, br, zstd', 'accept-language': 'en-US,en;q=0.9', 'if-none-match': 'W/""1d8b-ktI5jcSibld4OtzXBc5NNwNoHLE""'}",{},{},NULL
2025-07-31T19:01:20.512Z,GET,/users/preferences/tags,"{'host': 'localhost:3000', 'connection': 'keep-alive', 'sec-ch-ua-platform': '""macOS""', 'user-agent': 'Mozilla/5.0 (Macintosh; Intel Mac OS X 10_15_7) AppleWebKit/537.36 (KHTML, like Gecko) Chrome/138.0.0.0 Safari/537.36', 'sec-ch-ua': '""Not)A;Brand"";v=""8"", ""Chromium"";v=""138"", ""Google Chrome"";v=""138""', 'content-type': 'application/json', 'sec-ch-ua-mobile': '?0', 'accept': '*/*', 'origin': 'http://localhost:5173', 'sec-fetch-site': 'same-site', 'sec-fetch-mode': 'cors', 'sec-fetch-dest': 'empty', 'referer': 'http://localhost:5173/', 'accept-encoding': 'gzip, deflate, br, zstd', 'accept-language': 'en-US,en;q=0.9', 'if-none-match': 'W/""602-lmapMuqDG2yi2LDDsoq0ISsNw2I""'}",{},{},NULL
2025-07-31T19:01:20.638Z,GET,/users/preferences/tags,"{'host': 'localhost:3000', 'connection': 'keep-alive', 'sec-ch-ua-platform': '""macOS""', 'user-agent': 'Mozilla/5.0 (Macintosh; Intel Mac OS X 10_15_7) AppleWebKit/537.36 (KHTML, like Gecko) Chrome/138.0.0.0 Safari/537.36', 'sec-ch-ua': '""Not)A;Brand"";v=""8"", ""Chromium"";v=""138"", ""Google Chrome"";v=""138""', 'content-type': 'application/json', 'sec-ch-ua-mobile': '?0', 'accept': '*/*', 'origin': 'http://localhost:5173', 'sec-fetch-site': 'same-site', 'sec-fetch-mode': 'cors', 'sec-fetch-dest': 'empty', 'referer': 'http://localhost:5173/', 'accept-encoding': 'gzip, deflate, br, zstd', 'accept-language': 'en-US,en;q=0.9', 'if-none-match': 'W/""602-lmapMuqDG2yi2LDDsoq0ISsNw2I""'}",{},{},NULL
2025-07-31T19:02:13.591Z,GET,/users/ffe67ee0-e989-479d-9a18-dcd6c07ddc60/invitations,"{'host': 'localhost:3000', 'connection': 'keep-alive', 'sec-ch-ua-platform': '""macOS""', 'user-agent': 'Mozilla/5.0 (Macintosh; Intel Mac OS X 10_15_7) AppleWebKit/537.36 (KHTML, like Gecko) Chrome/138.0.0.0 Safari/537.36', 'sec-ch-ua': '""Not)A;Brand"";v=""8"", ""Chromium"";v=""138"", ""Google Chrome"";v=""138""', 'content-type': 'application/json', 'sec-ch-ua-mobile': '?0', 'accept': '*/*', 'origin': 'http://localhost:5173', 'sec-fetch-site': 'same-site', 'sec-fetch-mode': 'cors', 'sec-fetch-dest': 'empty', 'referer': 'http://localhost:5173/', 'accept-encoding': 'gzip, deflate, br, zstd', 'accept-language': 'en-US,en;q=0.9', 'cookie': 'connect.sid=s%3AI1E13FyT7Qm7IcUBwmlwp0u0sZODixPJ.NPTthFIqn7YNVJgvzTjrp6u1mLnWlkPCj6WEzP%2FawhI', 'if-none-match': 'W/""ae-Ya/2hOJNeU4sDKNfQ/XVgPbpeJE""'}",{},{},NULL
2025-07-31T19:02:13.595Z,GET,/users/ffe67ee0-e989-479d-9a18-dcd6c07ddc60,"{'host': 'localhost:3000', 'connection': 'keep-alive', 'sec-ch-ua-platform': '""macOS""', 'user-agent': 'Mozilla/5.0 (Macintosh; Intel Mac OS X 10_15_7) AppleWebKit/537.36 (KHTML, like Gecko) Chrome/138.0.0.0 Safari/537.36', 'sec-ch-ua': '""Not)A;Brand"";v=""8"", ""Chromium"";v=""138"", ""Google Chrome"";v=""138""', 'content-type': 'application/json', 'sec-ch-ua-mobile': '?0', 'accept': '*/*', 'origin': 'http://localhost:5173', 'sec-fetch-site': 'same-site', 'sec-fetch-mode': 'cors', 'sec-fetch-dest': 'empty', 'referer': 'http://localhost:5173/', 'accept-encoding': 'gzip, deflate, br, zstd', 'accept-language': 'en-US,en;q=0.9', 'if-none-match': 'W/""352-S3LK8eAbSeDqKDO4fDwcnF8MMX4""'}",{},{},NULL
2025-07-31T19:02:13.691Z,GET,/users/ffe67ee0-e989-479d-9a18-dcd6c07ddc60,"{'host': 'localhost:3000', 'connection': 'keep-alive', 'sec-ch-ua-platform': '""macOS""', 'user-agent': 'Mozilla/5.0 (Macintosh; Intel Mac OS X 10_15_7) AppleWebKit/537.36 (KHTML, like Gecko) Chrome/138.0.0.0 Safari/537.36', 'sec-ch-ua': '""Not)A;Brand"";v=""8"", ""Chromium"";v=""138"", ""Google Chrome"";v=""138""', 'content-type': 'application/json', 'sec-ch-ua-mobile': '?0', 'accept': '*/*', 'origin': 'http://localhost:5173', 'sec-fetch-site': 'same-site', 'sec-fetch-mode': 'cors', 'sec-fetch-dest': 'empty', 'referer': 'http://localhost:5173/', 'accept-encoding': 'gzip, deflate, br, zstd', 'accept-language': 'en-US,en;q=0.9', 'if-none-match': 'W/""352-S3LK8eAbSeDqKDO4fDwcnF8MMX4""'}",{},{},NULL
2025-07-31T19:02:13.695Z,GET,/users/ffe67ee0-e989-479d-9a18-dcd6c07ddc60/events,"{'host': 'localhost:3000', 'connection': 'keep-alive', 'sec-ch-ua-platform': '""macOS""', 'user-agent': 'Mozilla/5.0 (Macintosh; Intel Mac OS X 10_15_7) AppleWebKit/537.36 (KHTML, like Gecko) Chrome/138.0.0.0 Safari/537.36', 'sec-ch-ua': '""Not)A;Brand"";v=""8"", ""Chromium"";v=""138"", ""Google Chrome"";v=""138""', 'content-type': 'application/json', 'sec-ch-ua-mobile': '?0', 'accept': '*/*', 'origin': 'http://localhost:5173', 'sec-fetch-site': 'same-site', 'sec-fetch-mode': 'cors', 'sec-fetch-dest': 'empty', 'referer': 'http://localhost:5173/', 'accept-encoding': 'gzip, deflate, br, zstd', 'accept-language': 'en-US,en;q=0.9', 'if-none-match': 'W/""1d8b-ktI5jcSibld4OtzXBc5NNwNoHLE""'}",{},{},NULL
2025-07-31T19:02:13.695Z,GET,/users/ffe67ee0-e989-479d-9a18-dcd6c07ddc60/invitations,"{'host': 'localhost:3000', 'connection': 'keep-alive', 'sec-ch-ua-platform': '""macOS""', 'user-agent': 'Mozilla/5.0 (Macintosh; Intel Mac OS X 10_15_7) AppleWebKit/537.36 (KHTML, like Gecko) Chrome/138.0.0.0 Safari/537.36', 'sec-ch-ua': '""Not)A;Brand"";v=""8"", ""Chromium"";v=""138"", ""Google Chrome"";v=""138""', 'content-type': 'application/json', 'sec-ch-ua-mobile': '?0', 'accept': '*/*', 'origin': 'http://localhost:5173', 'sec-fetch-site': 'same-site', 'sec-fetch-mode': 'cors', 'sec-fetch-dest': 'empty', 'referer': 'http://localhost:5173/', 'accept-encoding': 'gzip, deflate, br, zstd', 'accept-language': 'en-US,en;q=0.9', 'cookie': 'connect.sid=s%3AI1E13FyT7Qm7IcUBwmlwp0u0sZODixPJ.NPTthFIqn7YNVJgvzTjrp6u1mLnWlkPCj6WEzP%2FawhI', 'if-none-match': 'W/""ae-Ya/2hOJNeU4sDKNfQ/XVgPbpeJE""'}",{},{},NULL
2025-07-31T19:02:13.852Z,GET,/users/ffe67ee0-e989-479d-9a18-dcd6c07ddc60/events,"{'host': 'localhost:3000', 'connection': 'keep-alive', 'sec-ch-ua-platform': '""macOS""', 'user-agent': 'Mozilla/5.0 (Macintosh; Intel Mac OS X 10_15_7) AppleWebKit/537.36 (KHTML, like Gecko) Chrome/138.0.0.0 Safari/537.36', 'sec-ch-ua': '""Not)A;Brand"";v=""8"", ""Chromium"";v=""138"", ""Google Chrome"";v=""138""', 'content-type': 'application/json', 'sec-ch-ua-mobile': '?0', 'accept': '*/*', 'origin': 'http://localhost:5173', 'sec-fetch-site': 'same-site', 'sec-fetch-mode': 'cors', 'sec-fetch-dest': 'empty', 'referer': 'http://localhost:5173/', 'accept-encoding': 'gzip, deflate, br, zstd', 'accept-language': 'en-US,en;q=0.9', 'if-none-match': 'W/""1d8b-ktI5jcSibld4OtzXBc5NNwNoHLE""'}",{},{},NULL
2025-07-31T19:02:13.857Z,GET,/users/preferences/tags,"{'host': 'localhost:3000', 'connection': 'keep-alive', 'sec-ch-ua-platform': '""macOS""', 'user-agent': 'Mozilla/5.0 (Macintosh; Intel Mac OS X 10_15_7) AppleWebKit/537.36 (KHTML, like Gecko) Chrome/138.0.0.0 Safari/537.36', 'sec-ch-ua': '""Not)A;Brand"";v=""8"", ""Chromium"";v=""138"", ""Google Chrome"";v=""138""', 'content-type': 'application/json', 'sec-ch-ua-mobile': '?0', 'accept': '*/*', 'origin': 'http://localhost:5173', 'sec-fetch-site': 'same-site', 'sec-fetch-mode': 'cors', 'sec-fetch-dest': 'empty', 'referer': 'http://localhost:5173/', 'accept-encoding': 'gzip, deflate, br, zstd', 'accept-language': 'en-US,en;q=0.9', 'if-none-match': 'W/""602-lmapMuqDG2yi2LDDsoq0ISsNw2I""'}",{},{},NULL
2025-07-31T19:02:14.076Z,GET,/users/preferences/tags,"{'host': 'localhost:3000', 'connection': 'keep-alive', 'sec-ch-ua-platform': '""macOS""', 'user-agent': 'Mozilla/5.0 (Macintosh; Intel Mac OS X 10_15_7) AppleWebKit/537.36 (KHTML, like Gecko) Chrome/138.0.0.0 Safari/537.36', 'sec-ch-ua': '""Not)A;Brand"";v=""8"", ""Chromium"";v=""138"", ""Google Chrome"";v=""138""', 'content-type': 'application/json', 'sec-ch-ua-mobile': '?0', 'accept': '*/*', 'origin': 'http://localhost:5173', 'sec-fetch-site': 'same-site', 'sec-fetch-mode': 'cors', 'sec-fetch-dest': 'empty', 'referer': 'http://localhost:5173/', 'accept-encoding': 'gzip, deflate, br, zstd', 'accept-language': 'en-US,en;q=0.9', 'if-none-match': 'W/""602-lmapMuqDG2yi2LDDsoq0ISsNw2I""'}",{},{},NULL
2025-07-31T19:02:57.735Z,GET,/users/ffe67ee0-e989-479d-9a18-dcd6c07ddc60/invitations,"{'host': 'localhost:3000', 'connection': 'keep-alive', 'sec-ch-ua-platform': '""macOS""', 'user-agent': 'Mozilla/5.0 (Macintosh; Intel Mac OS X 10_15_7) AppleWebKit/537.36 (KHTML, like Gecko) Chrome/138.0.0.0 Safari/537.36', 'sec-ch-ua': '""Not)A;Brand"";v=""8"", ""Chromium"";v=""138"", ""Google Chrome"";v=""138""', 'content-type': 'application/json', 'sec-ch-ua-mobile': '?0', 'accept': '*/*', 'origin': 'http://localhost:5173', 'sec-fetch-site': 'same-site', 'sec-fetch-mode': 'cors', 'sec-fetch-dest': 'empty', 'referer': 'http://localhost:5173/', 'accept-encoding': 'gzip, deflate, br, zstd', 'accept-language': 'en-US,en;q=0.9', 'cookie': 'connect.sid=s%3AI1E13FyT7Qm7IcUBwmlwp0u0sZODixPJ.NPTthFIqn7YNVJgvzTjrp6u1mLnWlkPCj6WEzP%2FawhI', 'if-none-match': 'W/""ae-Ya/2hOJNeU4sDKNfQ/XVgPbpeJE""'}",{},{},NULL
2025-07-31T19:02:57.739Z,GET,/users/ffe67ee0-e989-479d-9a18-dcd6c07ddc60,"{'host': 'localhost:3000', 'connection': 'keep-alive', 'sec-ch-ua-platform': '""macOS""', 'user-agent': 'Mozilla/5.0 (Macintosh; Intel Mac OS X 10_15_7) AppleWebKit/537.36 (KHTML, like Gecko) Chrome/138.0.0.0 Safari/537.36', 'sec-ch-ua': '""Not)A;Brand"";v=""8"", ""Chromium"";v=""138"", ""Google Chrome"";v=""138""', 'content-type': 'application/json', 'sec-ch-ua-mobile': '?0', 'accept': '*/*', 'origin': 'http://localhost:5173', 'sec-fetch-site': 'same-site', 'sec-fetch-mode': 'cors', 'sec-fetch-dest': 'empty', 'referer': 'http://localhost:5173/', 'accept-encoding': 'gzip, deflate, br, zstd', 'accept-language': 'en-US,en;q=0.9', 'if-none-match': 'W/""352-S3LK8eAbSeDqKDO4fDwcnF8MMX4""'}",{},{},NULL
2025-07-31T19:02:57.845Z,GET,/users/ffe67ee0-e989-479d-9a18-dcd6c07ddc60,"{'host': 'localhost:3000', 'connection': 'keep-alive', 'sec-ch-ua-platform': '""macOS""', 'user-agent': 'Mozilla/5.0 (Macintosh; Intel Mac OS X 10_15_7) AppleWebKit/537.36 (KHTML, like Gecko) Chrome/138.0.0.0 Safari/537.36', 'sec-ch-ua': '""Not)A;Brand"";v=""8"", ""Chromium"";v=""138"", ""Google Chrome"";v=""138""', 'content-type': 'application/json', 'sec-ch-ua-mobile': '?0', 'accept': '*/*', 'origin': 'http://localhost:5173', 'sec-fetch-site': 'same-site', 'sec-fetch-mode': 'cors', 'sec-fetch-dest': 'empty', 'referer': 'http://localhost:5173/', 'accept-encoding': 'gzip, deflate, br, zstd', 'accept-language': 'en-US,en;q=0.9', 'if-none-match': 'W/""352-S3LK8eAbSeDqKDO4fDwcnF8MMX4""'}",{},{},NULL
2025-07-31T19:02:57.848Z,GET,/users/ffe67ee0-e989-479d-9a18-dcd6c07ddc60/invitations,"{'host': 'localhost:3000', 'connection': 'keep-alive', 'sec-ch-ua-platform': '""macOS""', 'user-agent': 'Mozilla/5.0 (Macintosh; Intel Mac OS X 10_15_7) AppleWebKit/537.36 (KHTML, like Gecko) Chrome/138.0.0.0 Safari/537.36', 'sec-ch-ua': '""Not)A;Brand"";v=""8"", ""Chromium"";v=""138"", ""Google Chrome"";v=""138""', 'content-type': 'application/json', 'sec-ch-ua-mobile': '?0', 'accept': '*/*', 'origin': 'http://localhost:5173', 'sec-fetch-site': 'same-site', 'sec-fetch-mode': 'cors', 'sec-fetch-dest': 'empty', 'referer': 'http://localhost:5173/', 'accept-encoding': 'gzip, deflate, br, zstd', 'accept-language': 'en-US,en;q=0.9', 'cookie': 'connect.sid=s%3AI1E13FyT7Qm7IcUBwmlwp0u0sZODixPJ.NPTthFIqn7YNVJgvzTjrp6u1mLnWlkPCj6WEzP%2FawhI', 'if-none-match': 'W/""ae-Ya/2hOJNeU4sDKNfQ/XVgPbpeJE""'}",{},{},NULL
2025-07-31T19:02:57.851Z,GET,/users/ffe67ee0-e989-479d-9a18-dcd6c07ddc60/events,"{'host': 'localhost:3000', 'connection': 'keep-alive', 'sec-ch-ua-platform': '""macOS""', 'user-agent': 'Mozilla/5.0 (Macintosh; Intel Mac OS X 10_15_7) AppleWebKit/537.36 (KHTML, like Gecko) Chrome/138.0.0.0 Safari/537.36', 'sec-ch-ua': '""Not)A;Brand"";v=""8"", ""Chromium"";v=""138"", ""Google Chrome"";v=""138""', 'content-type': 'application/json', 'sec-ch-ua-mobile': '?0', 'accept': '*/*', 'origin': 'http://localhost:5173', 'sec-fetch-site': 'same-site', 'sec-fetch-mode': 'cors', 'sec-fetch-dest': 'empty', 'referer': 'http://localhost:5173/', 'accept-encoding': 'gzip, deflate, br, zstd', 'accept-language': 'en-US,en;q=0.9', 'if-none-match': 'W/""1d8b-ktI5jcSibld4OtzXBc5NNwNoHLE""'}",{},{},NULL
2025-07-31T19:02:57.905Z,GET,/users/ffe67ee0-e989-479d-9a18-dcd6c07ddc60/events,"{'host': 'localhost:3000', 'connection': 'keep-alive', 'sec-ch-ua-platform': '""macOS""', 'user-agent': 'Mozilla/5.0 (Macintosh; Intel Mac OS X 10_15_7) AppleWebKit/537.36 (KHTML, like Gecko) Chrome/138.0.0.0 Safari/537.36', 'sec-ch-ua': '""Not)A;Brand"";v=""8"", ""Chromium"";v=""138"", ""Google Chrome"";v=""138""', 'content-type': 'application/json', 'sec-ch-ua-mobile': '?0', 'accept': '*/*', 'origin': 'http://localhost:5173', 'sec-fetch-site': 'same-site', 'sec-fetch-mode': 'cors', 'sec-fetch-dest': 'empty', 'referer': 'http://localhost:5173/', 'accept-encoding': 'gzip, deflate, br, zstd', 'accept-language': 'en-US,en;q=0.9', 'if-none-match': 'W/""1d8b-ktI5jcSibld4OtzXBc5NNwNoHLE""'}",{},{},NULL
2025-07-31T19:02:57.946Z,GET,/users/preferences/tags,"{'host': 'localhost:3000', 'connection': 'keep-alive', 'sec-ch-ua-platform': '""macOS""', 'user-agent': 'Mozilla/5.0 (Macintosh; Intel Mac OS X 10_15_7) AppleWebKit/537.36 (KHTML, like Gecko) Chrome/138.0.0.0 Safari/537.36', 'sec-ch-ua': '""Not)A;Brand"";v=""8"", ""Chromium"";v=""138"", ""Google Chrome"";v=""138""', 'content-type': 'application/json', 'sec-ch-ua-mobile': '?0', 'accept': '*/*', 'origin': 'http://localhost:5173', 'sec-fetch-site': 'same-site', 'sec-fetch-mode': 'cors', 'sec-fetch-dest': 'empty', 'referer': 'http://localhost:5173/', 'accept-encoding': 'gzip, deflate, br, zstd', 'accept-language': 'en-US,en;q=0.9', 'if-none-match': 'W/""602-lmapMuqDG2yi2LDDsoq0ISsNw2I""'}",{},{},NULL
2025-07-31T19:02:57.972Z,GET,/users/preferences/tags,"{'host': 'localhost:3000', 'connection': 'keep-alive', 'sec-ch-ua-platform': '""macOS""', 'user-agent': 'Mozilla/5.0 (Macintosh; Intel Mac OS X 10_15_7) AppleWebKit/537.36 (KHTML, like Gecko) Chrome/138.0.0.0 Safari/537.36', 'sec-ch-ua': '""Not)A;Brand"";v=""8"", ""Chromium"";v=""138"", ""Google Chrome"";v=""138""', 'content-type': 'application/json', 'sec-ch-ua-mobile': '?0', 'accept': '*/*', 'origin': 'http://localhost:5173', 'sec-fetch-site': 'same-site', 'sec-fetch-mode': 'cors', 'sec-fetch-dest': 'empty', 'referer': 'http://localhost:5173/', 'accept-encoding': 'gzip, deflate, br, zstd', 'accept-language': 'en-US,en;q=0.9', 'if-none-match': 'W/""602-lmapMuqDG2yi2LDDsoq0ISsNw2I""'}",{},{},NULL
2025-07-31T19:05:14.372Z,GET,/users/ffe67ee0-e989-479d-9a18-dcd6c07ddc60,"{'host': 'localhost:3000', 'connection': 'keep-alive', 'sec-ch-ua-platform': '""macOS""', 'user-agent': 'Mozilla/5.0 (Macintosh; Intel Mac OS X 10_15_7) AppleWebKit/537.36 (KHTML, like Gecko) Chrome/138.0.0.0 Safari/537.36', 'sec-ch-ua': '""Not)A;Brand"";v=""8"", ""Chromium"";v=""138"", ""Google Chrome"";v=""138""', 'content-type': 'application/json', 'sec-ch-ua-mobile': '?0', 'accept': '*/*', 'origin': 'http://localhost:5173', 'sec-fetch-site': 'same-site', 'sec-fetch-mode': 'cors', 'sec-fetch-dest': 'empty', 'referer': 'http://localhost:5173/', 'accept-encoding': 'gzip, deflate, br, zstd', 'accept-language': 'en-US,en;q=0.9', 'if-none-match': 'W/""352-S3LK8eAbSeDqKDO4fDwcnF8MMX4""'}",{},{},NULL
2025-07-31T19:05:14.373Z,GET,/users/ffe67ee0-e989-479d-9a18-dcd6c07ddc60/invitations,"{'host': 'localhost:3000', 'connection': 'keep-alive', 'sec-ch-ua-platform': '""macOS""', 'user-agent': 'Mozilla/5.0 (Macintosh; Intel Mac OS X 10_15_7) AppleWebKit/537.36 (KHTML, like Gecko) Chrome/138.0.0.0 Safari/537.36', 'sec-ch-ua': '""Not)A;Brand"";v=""8"", ""Chromium"";v=""138"", ""Google Chrome"";v=""138""', 'content-type': 'application/json', 'sec-ch-ua-mobile': '?0', 'accept': '*/*', 'origin': 'http://localhost:5173', 'sec-fetch-site': 'same-site', 'sec-fetch-mode': 'cors', 'sec-fetch-dest': 'empty', 'referer': 'http://localhost:5173/', 'accept-encoding': 'gzip, deflate, br, zstd', 'accept-language': 'en-US,en;q=0.9', 'cookie': 'connect.sid=s%3AI1E13FyT7Qm7IcUBwmlwp0u0sZODixPJ.NPTthFIqn7YNVJgvzTjrp6u1mLnWlkPCj6WEzP%2FawhI', 'if-none-match': 'W/""ae-Ya/2hOJNeU4sDKNfQ/XVgPbpeJE""'}",{},{},NULL
2025-07-31T19:05:14.488Z,GET,/users/ffe67ee0-e989-479d-9a18-dcd6c07ddc60,"{'host': 'localhost:3000', 'connection': 'keep-alive', 'sec-ch-ua-platform': '""macOS""', 'user-agent': 'Mozilla/5.0 (Macintosh; Intel Mac OS X 10_15_7) AppleWebKit/537.36 (KHTML, like Gecko) Chrome/138.0.0.0 Safari/537.36', 'sec-ch-ua': '""Not)A;Brand"";v=""8"", ""Chromium"";v=""138"", ""Google Chrome"";v=""138""', 'content-type': 'application/json', 'sec-ch-ua-mobile': '?0', 'accept': '*/*', 'origin': 'http://localhost:5173', 'sec-fetch-site': 'same-site', 'sec-fetch-mode': 'cors', 'sec-fetch-dest': 'empty', 'referer': 'http://localhost:5173/', 'accept-encoding': 'gzip, deflate, br, zstd', 'accept-language': 'en-US,en;q=0.9', 'if-none-match': 'W/""352-S3LK8eAbSeDqKDO4fDwcnF8MMX4""'}",{},{},NULL
2025-07-31T19:05:14.492Z,GET,/users/ffe67ee0-e989-479d-9a18-dcd6c07ddc60/events,"{'host': 'localhost:3000', 'connection': 'keep-alive', 'sec-ch-ua-platform': '""macOS""', 'user-agent': 'Mozilla/5.0 (Macintosh; Intel Mac OS X 10_15_7) AppleWebKit/537.36 (KHTML, like Gecko) Chrome/138.0.0.0 Safari/537.36', 'sec-ch-ua': '""Not)A;Brand"";v=""8"", ""Chromium"";v=""138"", ""Google Chrome"";v=""138""', 'content-type': 'application/json', 'sec-ch-ua-mobile': '?0', 'accept': '*/*', 'origin': 'http://localhost:5173', 'sec-fetch-site': 'same-site', 'sec-fetch-mode': 'cors', 'sec-fetch-dest': 'empty', 'referer': 'http://localhost:5173/', 'accept-encoding': 'gzip, deflate, br, zstd', 'accept-language': 'en-US,en;q=0.9', 'if-none-match': 'W/""1d8b-ktI5jcSibld4OtzXBc5NNwNoHLE""'}",{},{},NULL
2025-07-31T19:05:14.539Z,GET,/users/ffe67ee0-e989-479d-9a18-dcd6c07ddc60/events,"{'host': 'localhost:3000', 'connection': 'keep-alive', 'sec-ch-ua-platform': '""macOS""', 'user-agent': 'Mozilla/5.0 (Macintosh; Intel Mac OS X 10_15_7) AppleWebKit/537.36 (KHTML, like Gecko) Chrome/138.0.0.0 Safari/537.36', 'sec-ch-ua': '""Not)A;Brand"";v=""8"", ""Chromium"";v=""138"", ""Google Chrome"";v=""138""', 'content-type': 'application/json', 'sec-ch-ua-mobile': '?0', 'accept': '*/*', 'origin': 'http://localhost:5173', 'sec-fetch-site': 'same-site', 'sec-fetch-mode': 'cors', 'sec-fetch-dest': 'empty', 'referer': 'http://localhost:5173/', 'accept-encoding': 'gzip, deflate, br, zstd', 'accept-language': 'en-US,en;q=0.9', 'if-none-match': 'W/""1d8b-ktI5jcSibld4OtzXBc5NNwNoHLE""'}",{},{},NULL
2025-07-31T19:05:14.576Z,GET,/users/preferences/tags,"{'host': 'localhost:3000', 'connection': 'keep-alive', 'sec-ch-ua-platform': '""macOS""', 'user-agent': 'Mozilla/5.0 (Macintosh; Intel Mac OS X 10_15_7) AppleWebKit/537.36 (KHTML, like Gecko) Chrome/138.0.0.0 Safari/537.36', 'sec-ch-ua': '""Not)A;Brand"";v=""8"", ""Chromium"";v=""138"", ""Google Chrome"";v=""138""', 'content-type': 'application/json', 'sec-ch-ua-mobile': '?0', 'accept': '*/*', 'origin': 'http://localhost:5173', 'sec-fetch-site': 'same-site', 'sec-fetch-mode': 'cors', 'sec-fetch-dest': 'empty', 'referer': 'http://localhost:5173/', 'accept-encoding': 'gzip, deflate, br, zstd', 'accept-language': 'en-US,en;q=0.9', 'if-none-match': 'W/""602-lmapMuqDG2yi2LDDsoq0ISsNw2I""'}",{},{},NULL
2025-07-31T19:05:14.583Z,GET,/users/ffe67ee0-e989-479d-9a18-dcd6c07ddc60/invitations,"{'host': 'localhost:3000', 'connection': 'keep-alive', 'sec-ch-ua-platform': '""macOS""', 'user-agent': 'Mozilla/5.0 (Macintosh; Intel Mac OS X 10_15_7) AppleWebKit/537.36 (KHTML, like Gecko) Chrome/138.0.0.0 Safari/537.36', 'sec-ch-ua': '""Not)A;Brand"";v=""8"", ""Chromium"";v=""138"", ""Google Chrome"";v=""138""', 'content-type': 'application/json', 'sec-ch-ua-mobile': '?0', 'accept': '*/*', 'origin': 'http://localhost:5173', 'sec-fetch-site': 'same-site', 'sec-fetch-mode': 'cors', 'sec-fetch-dest': 'empty', 'referer': 'http://localhost:5173/', 'accept-encoding': 'gzip, deflate, br, zstd', 'accept-language': 'en-US,en;q=0.9', 'cookie': 'connect.sid=s%3AI1E13FyT7Qm7IcUBwmlwp0u0sZODixPJ.NPTthFIqn7YNVJgvzTjrp6u1mLnWlkPCj6WEzP%2FawhI', 'if-none-match': 'W/""ae-Ya/2hOJNeU4sDKNfQ/XVgPbpeJE""'}",{},{},NULL
2025-07-31T19:05:14.666Z,GET,/users/preferences/tags,"{'host': 'localhost:3000', 'connection': 'keep-alive', 'sec-ch-ua-platform': '""macOS""', 'user-agent': 'Mozilla/5.0 (Macintosh; Intel Mac OS X 10_15_7) AppleWebKit/537.36 (KHTML, like Gecko) Chrome/138.0.0.0 Safari/537.36', 'sec-ch-ua': '""Not)A;Brand"";v=""8"", ""Chromium"";v=""138"", ""Google Chrome"";v=""138""', 'content-type': 'application/json', 'sec-ch-ua-mobile': '?0', 'accept': '*/*', 'origin': 'http://localhost:5173', 'sec-fetch-site': 'same-site', 'sec-fetch-mode': 'cors', 'sec-fetch-dest': 'empty', 'referer': 'http://localhost:5173/', 'accept-encoding': 'gzip, deflate, br, zstd', 'accept-language': 'en-US,en;q=0.9', 'if-none-match': 'W/""602-lmapMuqDG2yi2LDDsoq0ISsNw2I""'}",{},{},NULL
2025-07-31T19:05:19.129Z,GET,/users/ffe67ee0-e989-479d-9a18-dcd6c07ddc60/invitations,"{'host': 'localhost:3000', 'connection': 'keep-alive', 'sec-ch-ua-platform': '""macOS""', 'user-agent': 'Mozilla/5.0 (Macintosh; Intel Mac OS X 10_15_7) AppleWebKit/537.36 (KHTML, like Gecko) Chrome/138.0.0.0 Safari/537.36', 'sec-ch-ua': '""Not)A;Brand"";v=""8"", ""Chromium"";v=""138"", ""Google Chrome"";v=""138""', 'content-type': 'application/json', 'sec-ch-ua-mobile': '?0', 'accept': '*/*', 'origin': 'http://localhost:5173', 'sec-fetch-site': 'same-site', 'sec-fetch-mode': 'cors', 'sec-fetch-dest': 'empty', 'referer': 'http://localhost:5173/', 'accept-encoding': 'gzip, deflate, br, zstd', 'accept-language': 'en-US,en;q=0.9', 'cookie': 'connect.sid=s%3AI1E13FyT7Qm7IcUBwmlwp0u0sZODixPJ.NPTthFIqn7YNVJgvzTjrp6u1mLnWlkPCj6WEzP%2FawhI', 'if-none-match': 'W/""ae-Ya/2hOJNeU4sDKNfQ/XVgPbpeJE""'}",{},{},NULL
2025-07-31T19:05:19.134Z,GET,/users/ffe67ee0-e989-479d-9a18-dcd6c07ddc60,"{'host': 'localhost:3000', 'connection': 'keep-alive', 'sec-ch-ua-platform': '""macOS""', 'user-agent': 'Mozilla/5.0 (Macintosh; Intel Mac OS X 10_15_7) AppleWebKit/537.36 (KHTML, like Gecko) Chrome/138.0.0.0 Safari/537.36', 'sec-ch-ua': '""Not)A;Brand"";v=""8"", ""Chromium"";v=""138"", ""Google Chrome"";v=""138""', 'content-type': 'application/json', 'sec-ch-ua-mobile': '?0', 'accept': '*/*', 'origin': 'http://localhost:5173', 'sec-fetch-site': 'same-site', 'sec-fetch-mode': 'cors', 'sec-fetch-dest': 'empty', 'referer': 'http://localhost:5173/', 'accept-encoding': 'gzip, deflate, br, zstd', 'accept-language': 'en-US,en;q=0.9', 'if-none-match': 'W/""352-S3LK8eAbSeDqKDO4fDwcnF8MMX4""'}",{},{},NULL
2025-07-31T19:05:19.235Z,GET,/users/ffe67ee0-e989-479d-9a18-dcd6c07ddc60,"{'host': 'localhost:3000', 'connection': 'keep-alive', 'sec-ch-ua-platform': '""macOS""', 'user-agent': 'Mozilla/5.0 (Macintosh; Intel Mac OS X 10_15_7) AppleWebKit/537.36 (KHTML, like Gecko) Chrome/138.0.0.0 Safari/537.36', 'sec-ch-ua': '""Not)A;Brand"";v=""8"", ""Chromium"";v=""138"", ""Google Chrome"";v=""138""', 'content-type': 'application/json', 'sec-ch-ua-mobile': '?0', 'accept': '*/*', 'origin': 'http://localhost:5173', 'sec-fetch-site': 'same-site', 'sec-fetch-mode': 'cors', 'sec-fetch-dest': 'empty', 'referer': 'http://localhost:5173/', 'accept-encoding': 'gzip, deflate, br, zstd', 'accept-language': 'en-US,en;q=0.9', 'if-none-match': 'W/""352-S3LK8eAbSeDqKDO4fDwcnF8MMX4""'}",{},{},NULL
2025-07-31T19:05:19.252Z,GET,/users/ffe67ee0-e989-479d-9a18-dcd6c07ddc60/events,"{'host': 'localhost:3000', 'connection': 'keep-alive', 'sec-ch-ua-platform': '""macOS""', 'user-agent': 'Mozilla/5.0 (Macintosh; Intel Mac OS X 10_15_7) AppleWebKit/537.36 (KHTML, like Gecko) Chrome/138.0.0.0 Safari/537.36', 'sec-ch-ua': '""Not)A;Brand"";v=""8"", ""Chromium"";v=""138"", ""Google Chrome"";v=""138""', 'content-type': 'application/json', 'sec-ch-ua-mobile': '?0', 'accept': '*/*', 'origin': 'http://localhost:5173', 'sec-fetch-site': 'same-site', 'sec-fetch-mode': 'cors', 'sec-fetch-dest': 'empty', 'referer': 'http://localhost:5173/', 'accept-encoding': 'gzip, deflate, br, zstd', 'accept-language': 'en-US,en;q=0.9', 'if-none-match': 'W/""1d8b-ktI5jcSibld4OtzXBc5NNwNoHLE""'}",{},{},NULL
2025-07-31T19:05:19.260Z,GET,/users/ffe67ee0-e989-479d-9a18-dcd6c07ddc60/invitations,"{'host': 'localhost:3000', 'connection': 'keep-alive', 'sec-ch-ua-platform': '""macOS""', 'user-agent': 'Mozilla/5.0 (Macintosh; Intel Mac OS X 10_15_7) AppleWebKit/537.36 (KHTML, like Gecko) Chrome/138.0.0.0 Safari/537.36', 'sec-ch-ua': '""Not)A;Brand"";v=""8"", ""Chromium"";v=""138"", ""Google Chrome"";v=""138""', 'content-type': 'application/json', 'sec-ch-ua-mobile': '?0', 'accept': '*/*', 'origin': 'http://localhost:5173', 'sec-fetch-site': 'same-site', 'sec-fetch-mode': 'cors', 'sec-fetch-dest': 'empty', 'referer': 'http://localhost:5173/', 'accept-encoding': 'gzip, deflate, br, zstd', 'accept-language': 'en-US,en;q=0.9', 'cookie': 'connect.sid=s%3AI1E13FyT7Qm7IcUBwmlwp0u0sZODixPJ.NPTthFIqn7YNVJgvzTjrp6u1mLnWlkPCj6WEzP%2FawhI', 'if-none-match': 'W/""ae-Ya/2hOJNeU4sDKNfQ/XVgPbpeJE""'}",{},{},NULL
2025-07-31T19:05:19.285Z,GET,/users/preferences/tags,"{'host': 'localhost:3000', 'connection': 'keep-alive', 'sec-ch-ua-platform': '""macOS""', 'user-agent': 'Mozilla/5.0 (Macintosh; Intel Mac OS X 10_15_7) AppleWebKit/537.36 (KHTML, like Gecko) Chrome/138.0.0.0 Safari/537.36', 'sec-ch-ua': '""Not)A;Brand"";v=""8"", ""Chromium"";v=""138"", ""Google Chrome"";v=""138""', 'content-type': 'application/json', 'sec-ch-ua-mobile': '?0', 'accept': '*/*', 'origin': 'http://localhost:5173', 'sec-fetch-site': 'same-site', 'sec-fetch-mode': 'cors', 'sec-fetch-dest': 'empty', 'referer': 'http://localhost:5173/', 'accept-encoding': 'gzip, deflate, br, zstd', 'accept-language': 'en-US,en;q=0.9', 'if-none-match': 'W/""602-lmapMuqDG2yi2LDDsoq0ISsNw2I""'}",{},{},NULL
2025-07-31T19:05:19.498Z,GET,/users/ffe67ee0-e989-479d-9a18-dcd6c07ddc60/events,"{'host': 'localhost:3000', 'connection': 'keep-alive', 'sec-ch-ua-platform': '""macOS""', 'user-agent': 'Mozilla/5.0 (Macintosh; Intel Mac OS X 10_15_7) AppleWebKit/537.36 (KHTML, like Gecko) Chrome/138.0.0.0 Safari/537.36', 'sec-ch-ua': '""Not)A;Brand"";v=""8"", ""Chromium"";v=""138"", ""Google Chrome"";v=""138""', 'content-type': 'application/json', 'sec-ch-ua-mobile': '?0', 'accept': '*/*', 'origin': 'http://localhost:5173', 'sec-fetch-site': 'same-site', 'sec-fetch-mode': 'cors', 'sec-fetch-dest': 'empty', 'referer': 'http://localhost:5173/', 'accept-encoding': 'gzip, deflate, br, zstd', 'accept-language': 'en-US,en;q=0.9', 'if-none-match': 'W/""1d8b-ktI5jcSibld4OtzXBc5NNwNoHLE""'}",{},{},NULL
2025-07-31T19:05:19.719Z,GET,/users/preferences/tags,"{'host': 'localhost:3000', 'connection': 'keep-alive', 'sec-ch-ua-platform': '""macOS""', 'user-agent': 'Mozilla/5.0 (Macintosh; Intel Mac OS X 10_15_7) AppleWebKit/537.36 (KHTML, like Gecko) Chrome/138.0.0.0 Safari/537.36', 'sec-ch-ua': '""Not)A;Brand"";v=""8"", ""Chromium"";v=""138"", ""Google Chrome"";v=""138""', 'content-type': 'application/json', 'sec-ch-ua-mobile': '?0', 'accept': '*/*', 'origin': 'http://localhost:5173', 'sec-fetch-site': 'same-site', 'sec-fetch-mode': 'cors', 'sec-fetch-dest': 'empty', 'referer': 'http://localhost:5173/', 'accept-encoding': 'gzip, deflate, br, zstd', 'accept-language': 'en-US,en;q=0.9', 'if-none-match': 'W/""602-lmapMuqDG2yi2LDDsoq0ISsNw2I""'}",{},{},NULL
2025-07-31T19:05:32.778Z,GET,/users/ffe67ee0-e989-479d-9a18-dcd6c07ddc60,"{'host': 'localhost:3000', 'connection': 'keep-alive', 'sec-ch-ua-platform': '""macOS""', 'user-agent': 'Mozilla/5.0 (Macintosh; Intel Mac OS X 10_15_7) AppleWebKit/537.36 (KHTML, like Gecko) Chrome/138.0.0.0 Safari/537.36', 'sec-ch-ua': '""Not)A;Brand"";v=""8"", ""Chromium"";v=""138"", ""Google Chrome"";v=""138""', 'content-type': 'application/json', 'sec-ch-ua-mobile': '?0', 'accept': '*/*', 'origin': 'http://localhost:5173', 'sec-fetch-site': 'same-site', 'sec-fetch-mode': 'cors', 'sec-fetch-dest': 'empty', 'referer': 'http://localhost:5173/', 'accept-encoding': 'gzip, deflate, br, zstd', 'accept-language': 'en-US,en;q=0.9', 'if-none-match': 'W/""352-S3LK8eAbSeDqKDO4fDwcnF8MMX4""'}",{},{},NULL
2025-07-31T19:05:32.776Z,GET,/users/ffe67ee0-e989-479d-9a18-dcd6c07ddc60/invitations,"{'host': 'localhost:3000', 'connection': 'keep-alive', 'sec-ch-ua-platform': '""macOS""', 'user-agent': 'Mozilla/5.0 (Macintosh; Intel Mac OS X 10_15_7) AppleWebKit/537.36 (KHTML, like Gecko) Chrome/138.0.0.0 Safari/537.36', 'sec-ch-ua': '""Not)A;Brand"";v=""8"", ""Chromium"";v=""138"", ""Google Chrome"";v=""138""', 'content-type': 'application/json', 'sec-ch-ua-mobile': '?0', 'accept': '*/*', 'origin': 'http://localhost:5173', 'sec-fetch-site': 'same-site', 'sec-fetch-mode': 'cors', 'sec-fetch-dest': 'empty', 'referer': 'http://localhost:5173/', 'accept-encoding': 'gzip, deflate, br, zstd', 'accept-language': 'en-US,en;q=0.9', 'cookie': 'connect.sid=s%3AI1E13FyT7Qm7IcUBwmlwp0u0sZODixPJ.NPTthFIqn7YNVJgvzTjrp6u1mLnWlkPCj6WEzP%2FawhI', 'if-none-match': 'W/""ae-Ya/2hOJNeU4sDKNfQ/XVgPbpeJE""'}",{},{},NULL
2025-07-31T19:05:32.960Z,GET,/users/ffe67ee0-e989-479d-9a18-dcd6c07ddc60/invitations,"{'host': 'localhost:3000', 'connection': 'keep-alive', 'sec-ch-ua-platform': '""macOS""', 'user-agent': 'Mozilla/5.0 (Macintosh; Intel Mac OS X 10_15_7) AppleWebKit/537.36 (KHTML, like Gecko) Chrome/138.0.0.0 Safari/537.36', 'sec-ch-ua': '""Not)A;Brand"";v=""8"", ""Chromium"";v=""138"", ""Google Chrome"";v=""138""', 'content-type': 'application/json', 'sec-ch-ua-mobile': '?0', 'accept': '*/*', 'origin': 'http://localhost:5173', 'sec-fetch-site': 'same-site', 'sec-fetch-mode': 'cors', 'sec-fetch-dest': 'empty', 'referer': 'http://localhost:5173/', 'accept-encoding': 'gzip, deflate, br, zstd', 'accept-language': 'en-US,en;q=0.9', 'cookie': 'connect.sid=s%3AI1E13FyT7Qm7IcUBwmlwp0u0sZODixPJ.NPTthFIqn7YNVJgvzTjrp6u1mLnWlkPCj6WEzP%2FawhI', 'if-none-match': 'W/""ae-Ya/2hOJNeU4sDKNfQ/XVgPbpeJE""'}",{},{},NULL
2025-07-31T19:05:33.060Z,GET,/users/ffe67ee0-e989-479d-9a18-dcd6c07ddc60,"{'host': 'localhost:3000', 'connection': 'keep-alive', 'sec-ch-ua-platform': '""macOS""', 'user-agent': 'Mozilla/5.0 (Macintosh; Intel Mac OS X 10_15_7) AppleWebKit/537.36 (KHTML, like Gecko) Chrome/138.0.0.0 Safari/537.36', 'sec-ch-ua': '""Not)A;Brand"";v=""8"", ""Chromium"";v=""138"", ""Google Chrome"";v=""138""', 'content-type': 'application/json', 'sec-ch-ua-mobile': '?0', 'accept': '*/*', 'origin': 'http://localhost:5173', 'sec-fetch-site': 'same-site', 'sec-fetch-mode': 'cors', 'sec-fetch-dest': 'empty', 'referer': 'http://localhost:5173/', 'accept-encoding': 'gzip, deflate, br, zstd', 'accept-language': 'en-US,en;q=0.9', 'if-none-match': 'W/""352-S3LK8eAbSeDqKDO4fDwcnF8MMX4""'}",{},{},NULL
2025-07-31T19:05:33.063Z,GET,/users/ffe67ee0-e989-479d-9a18-dcd6c07ddc60/events,"{'host': 'localhost:3000', 'connection': 'keep-alive', 'sec-ch-ua-platform': '""macOS""', 'user-agent': 'Mozilla/5.0 (Macintosh; Intel Mac OS X 10_15_7) AppleWebKit/537.36 (KHTML, like Gecko) Chrome/138.0.0.0 Safari/537.36', 'sec-ch-ua': '""Not)A;Brand"";v=""8"", ""Chromium"";v=""138"", ""Google Chrome"";v=""138""', 'content-type': 'application/json', 'sec-ch-ua-mobile': '?0', 'accept': '*/*', 'origin': 'http://localhost:5173', 'sec-fetch-site': 'same-site', 'sec-fetch-mode': 'cors', 'sec-fetch-dest': 'empty', 'referer': 'http://localhost:5173/', 'accept-encoding': 'gzip, deflate, br, zstd', 'accept-language': 'en-US,en;q=0.9', 'if-none-match': 'W/""1d8b-ktI5jcSibld4OtzXBc5NNwNoHLE""'}",{},{},NULL
2025-07-31T19:05:33.717Z,GET,/users/preferences/tags,"{'host': 'localhost:3000', 'connection': 'keep-alive', 'sec-ch-ua-platform': '""macOS""', 'user-agent': 'Mozilla/5.0 (Macintosh; Intel Mac OS X 10_15_7) AppleWebKit/537.36 (KHTML, like Gecko) Chrome/138.0.0.0 Safari/537.36', 'sec-ch-ua': '""Not)A;Brand"";v=""8"", ""Chromium"";v=""138"", ""Google Chrome"";v=""138""', 'content-type': 'application/json', 'sec-ch-ua-mobile': '?0', 'accept': '*/*', 'origin': 'http://localhost:5173', 'sec-fetch-site': 'same-site', 'sec-fetch-mode': 'cors', 'sec-fetch-dest': 'empty', 'referer': 'http://localhost:5173/', 'accept-encoding': 'gzip, deflate, br, zstd', 'accept-language': 'en-US,en;q=0.9', 'if-none-match': 'W/""602-lmapMuqDG2yi2LDDsoq0ISsNw2I""'}",{},{},NULL
2025-07-31T19:05:33.993Z,GET,/users/ffe67ee0-e989-479d-9a18-dcd6c07ddc60/events,"{'host': 'localhost:3000', 'connection': 'keep-alive', 'sec-ch-ua-platform': '""macOS""', 'user-agent': 'Mozilla/5.0 (Macintosh; Intel Mac OS X 10_15_7) AppleWebKit/537.36 (KHTML, like Gecko) Chrome/138.0.0.0 Safari/537.36', 'sec-ch-ua': '""Not)A;Brand"";v=""8"", ""Chromium"";v=""138"", ""Google Chrome"";v=""138""', 'content-type': 'application/json', 'sec-ch-ua-mobile': '?0', 'accept': '*/*', 'origin': 'http://localhost:5173', 'sec-fetch-site': 'same-site', 'sec-fetch-mode': 'cors', 'sec-fetch-dest': 'empty', 'referer': 'http://localhost:5173/', 'accept-encoding': 'gzip, deflate, br, zstd', 'accept-language': 'en-US,en;q=0.9', 'if-none-match': 'W/""1d8b-ktI5jcSibld4OtzXBc5NNwNoHLE""'}",{},{},NULL
2025-07-31T19:05:34.101Z,GET,/users/preferences/tags,"{'host': 'localhost:3000', 'connection': 'keep-alive', 'sec-ch-ua-platform': '""macOS""', 'user-agent': 'Mozilla/5.0 (Macintosh; Intel Mac OS X 10_15_7) AppleWebKit/537.36 (KHTML, like Gecko) Chrome/138.0.0.0 Safari/537.36', 'sec-ch-ua': '""Not)A;Brand"";v=""8"", ""Chromium"";v=""138"", ""Google Chrome"";v=""138""', 'content-type': 'application/json', 'sec-ch-ua-mobile': '?0', 'accept': '*/*', 'origin': 'http://localhost:5173', 'sec-fetch-site': 'same-site', 'sec-fetch-mode': 'cors', 'sec-fetch-dest': 'empty', 'referer': 'http://localhost:5173/', 'accept-encoding': 'gzip, deflate, br, zstd', 'accept-language': 'en-US,en;q=0.9', 'if-none-match': 'W/""602-lmapMuqDG2yi2LDDsoq0ISsNw2I""'}",{},{},NULL
2025-07-31T19:10:59.221Z,GET,/users/ffe67ee0-e989-479d-9a18-dcd6c07ddc60/invitations,"{'host': 'localhost:3000', 'connection': 'keep-alive', 'sec-ch-ua-platform': '""macOS""', 'user-agent': 'Mozilla/5.0 (Macintosh; Intel Mac OS X 10_15_7) AppleWebKit/537.36 (KHTML, like Gecko) Chrome/138.0.0.0 Safari/537.36', 'sec-ch-ua': '""Not)A;Brand"";v=""8"", ""Chromium"";v=""138"", ""Google Chrome"";v=""138""', 'content-type': 'application/json', 'sec-ch-ua-mobile': '?0', 'accept': '*/*', 'origin': 'http://localhost:5173', 'sec-fetch-site': 'same-site', 'sec-fetch-mode': 'cors', 'sec-fetch-dest': 'empty', 'referer': 'http://localhost:5173/', 'accept-encoding': 'gzip, deflate, br, zstd', 'accept-language': 'en-US,en;q=0.9', 'cookie': 'connect.sid=s%3AI1E13FyT7Qm7IcUBwmlwp0u0sZODixPJ.NPTthFIqn7YNVJgvzTjrp6u1mLnWlkPCj6WEzP%2FawhI', 'if-none-match': 'W/""ae-Ya/2hOJNeU4sDKNfQ/XVgPbpeJE""'}",{},{},NULL
2025-07-31T19:10:59.223Z,GET,/users/ffe67ee0-e989-479d-9a18-dcd6c07ddc60,"{'host': 'localhost:3000', 'connection': 'keep-alive', 'sec-ch-ua-platform': '""macOS""', 'user-agent': 'Mozilla/5.0 (Macintosh; Intel Mac OS X 10_15_7) AppleWebKit/537.36 (KHTML, like Gecko) Chrome/138.0.0.0 Safari/537.36', 'sec-ch-ua': '""Not)A;Brand"";v=""8"", ""Chromium"";v=""138"", ""Google Chrome"";v=""138""', 'content-type': 'application/json', 'sec-ch-ua-mobile': '?0', 'accept': '*/*', 'origin': 'http://localhost:5173', 'sec-fetch-site': 'same-site', 'sec-fetch-mode': 'cors', 'sec-fetch-dest': 'empty', 'referer': 'http://localhost:5173/', 'accept-encoding': 'gzip, deflate, br, zstd', 'accept-language': 'en-US,en;q=0.9', 'if-none-match': 'W/""352-S3LK8eAbSeDqKDO4fDwcnF8MMX4""'}",{},{},NULL
2025-07-31T19:10:59.465Z,GET,/users/ffe67ee0-e989-479d-9a18-dcd6c07ddc60/invitations,"{'host': 'localhost:3000', 'connection': 'keep-alive', 'sec-ch-ua-platform': '""macOS""', 'user-agent': 'Mozilla/5.0 (Macintosh; Intel Mac OS X 10_15_7) AppleWebKit/537.36 (KHTML, like Gecko) Chrome/138.0.0.0 Safari/537.36', 'sec-ch-ua': '""Not)A;Brand"";v=""8"", ""Chromium"";v=""138"", ""Google Chrome"";v=""138""', 'content-type': 'application/json', 'sec-ch-ua-mobile': '?0', 'accept': '*/*', 'origin': 'http://localhost:5173', 'sec-fetch-site': 'same-site', 'sec-fetch-mode': 'cors', 'sec-fetch-dest': 'empty', 'referer': 'http://localhost:5173/', 'accept-encoding': 'gzip, deflate, br, zstd', 'accept-language': 'en-US,en;q=0.9', 'cookie': 'connect.sid=s%3AI1E13FyT7Qm7IcUBwmlwp0u0sZODixPJ.NPTthFIqn7YNVJgvzTjrp6u1mLnWlkPCj6WEzP%2FawhI', 'if-none-match': 'W/""ae-Ya/2hOJNeU4sDKNfQ/XVgPbpeJE""'}",{},{},NULL
2025-07-31T19:10:59.732Z,GET,/users/ffe67ee0-e989-479d-9a18-dcd6c07ddc60,"{'host': 'localhost:3000', 'connection': 'keep-alive', 'sec-ch-ua-platform': '""macOS""', 'user-agent': 'Mozilla/5.0 (Macintosh; Intel Mac OS X 10_15_7) AppleWebKit/537.36 (KHTML, like Gecko) Chrome/138.0.0.0 Safari/537.36', 'sec-ch-ua': '""Not)A;Brand"";v=""8"", ""Chromium"";v=""138"", ""Google Chrome"";v=""138""', 'content-type': 'application/json', 'sec-ch-ua-mobile': '?0', 'accept': '*/*', 'origin': 'http://localhost:5173', 'sec-fetch-site': 'same-site', 'sec-fetch-mode': 'cors', 'sec-fetch-dest': 'empty', 'referer': 'http://localhost:5173/', 'accept-encoding': 'gzip, deflate, br, zstd', 'accept-language': 'en-US,en;q=0.9', 'if-none-match': 'W/""352-S3LK8eAbSeDqKDO4fDwcnF8MMX4""'}",{},{},NULL
2025-07-31T19:10:59.736Z,GET,/users/ffe67ee0-e989-479d-9a18-dcd6c07ddc60/events,"{'host': 'localhost:3000', 'connection': 'keep-alive', 'sec-ch-ua-platform': '""macOS""', 'user-agent': 'Mozilla/5.0 (Macintosh; Intel Mac OS X 10_15_7) AppleWebKit/537.36 (KHTML, like Gecko) Chrome/138.0.0.0 Safari/537.36', 'sec-ch-ua': '""Not)A;Brand"";v=""8"", ""Chromium"";v=""138"", ""Google Chrome"";v=""138""', 'content-type': 'application/json', 'sec-ch-ua-mobile': '?0', 'accept': '*/*', 'origin': 'http://localhost:5173', 'sec-fetch-site': 'same-site', 'sec-fetch-mode': 'cors', 'sec-fetch-dest': 'empty', 'referer': 'http://localhost:5173/', 'accept-encoding': 'gzip, deflate, br, zstd', 'accept-language': 'en-US,en;q=0.9', 'if-none-match': 'W/""1d8b-ktI5jcSibld4OtzXBc5NNwNoHLE""'}",{},{},NULL
2025-07-31T19:11:00.079Z,GET,/users/ffe67ee0-e989-479d-9a18-dcd6c07ddc60/events,"{'host': 'localhost:3000', 'connection': 'keep-alive', 'sec-ch-ua-platform': '""macOS""', 'user-agent': 'Mozilla/5.0 (Macintosh; Intel Mac OS X 10_15_7) AppleWebKit/537.36 (KHTML, like Gecko) Chrome/138.0.0.0 Safari/537.36', 'sec-ch-ua': '""Not)A;Brand"";v=""8"", ""Chromium"";v=""138"", ""Google Chrome"";v=""138""', 'content-type': 'application/json', 'sec-ch-ua-mobile': '?0', 'accept': '*/*', 'origin': 'http://localhost:5173', 'sec-fetch-site': 'same-site', 'sec-fetch-mode': 'cors', 'sec-fetch-dest': 'empty', 'referer': 'http://localhost:5173/', 'accept-encoding': 'gzip, deflate, br, zstd', 'accept-language': 'en-US,en;q=0.9', 'if-none-match': 'W/""1d8b-ktI5jcSibld4OtzXBc5NNwNoHLE""'}",{},{},NULL
2025-07-31T19:11:00.089Z,GET,/users/preferences/tags,"{'host': 'localhost:3000', 'connection': 'keep-alive', 'sec-ch-ua-platform': '""macOS""', 'user-agent': 'Mozilla/5.0 (Macintosh; Intel Mac OS X 10_15_7) AppleWebKit/537.36 (KHTML, like Gecko) Chrome/138.0.0.0 Safari/537.36', 'sec-ch-ua': '""Not)A;Brand"";v=""8"", ""Chromium"";v=""138"", ""Google Chrome"";v=""138""', 'content-type': 'application/json', 'sec-ch-ua-mobile': '?0', 'accept': '*/*', 'origin': 'http://localhost:5173', 'sec-fetch-site': 'same-site', 'sec-fetch-mode': 'cors', 'sec-fetch-dest': 'empty', 'referer': 'http://localhost:5173/', 'accept-encoding': 'gzip, deflate, br, zstd', 'accept-language': 'en-US,en;q=0.9', 'if-none-match': 'W/""602-lmapMuqDG2yi2LDDsoq0ISsNw2I""'}",{},{},NULL
2025-07-31T19:11:00.276Z,GET,/users/preferences/tags,"{'host': 'localhost:3000', 'connection': 'keep-alive', 'sec-ch-ua-platform': '""macOS""', 'user-agent': 'Mozilla/5.0 (Macintosh; Intel Mac OS X 10_15_7) AppleWebKit/537.36 (KHTML, like Gecko) Chrome/138.0.0.0 Safari/537.36', 'sec-ch-ua': '""Not)A;Brand"";v=""8"", ""Chromium"";v=""138"", ""Google Chrome"";v=""138""', 'content-type': 'application/json', 'sec-ch-ua-mobile': '?0', 'accept': '*/*', 'origin': 'http://localhost:5173', 'sec-fetch-site': 'same-site', 'sec-fetch-mode': 'cors', 'sec-fetch-dest': 'empty', 'referer': 'http://localhost:5173/', 'accept-encoding': 'gzip, deflate, br, zstd', 'accept-language': 'en-US,en;q=0.9', 'if-none-match': 'W/""602-lmapMuqDG2yi2LDDsoq0ISsNw2I""'}",{},{},NULL
2025-07-31T19:11:09.775Z,GET,/users/ffe67ee0-e989-479d-9a18-dcd6c07ddc60,"{'host': 'localhost:3000', 'connection': 'keep-alive', 'sec-ch-ua-platform': '""macOS""', 'user-agent': 'Mozilla/5.0 (Macintosh; Intel Mac OS X 10_15_7) AppleWebKit/537.36 (KHTML, like Gecko) Chrome/138.0.0.0 Safari/537.36', 'sec-ch-ua': '""Not)A;Brand"";v=""8"", ""Chromium"";v=""138"", ""Google Chrome"";v=""138""', 'content-type': 'application/json', 'sec-ch-ua-mobile': '?0', 'accept': '*/*', 'origin': 'http://localhost:5173', 'sec-fetch-site': 'same-site', 'sec-fetch-mode': 'cors', 'sec-fetch-dest': 'empty', 'referer': 'http://localhost:5173/', 'accept-encoding': 'gzip, deflate, br, zstd', 'accept-language': 'en-US,en;q=0.9', 'if-none-match': 'W/""352-S3LK8eAbSeDqKDO4fDwcnF8MMX4""'}",{},{},NULL
2025-07-31T19:11:09.776Z,GET,/users/ffe67ee0-e989-479d-9a18-dcd6c07ddc60/invitations,"{'host': 'localhost:3000', 'connection': 'keep-alive', 'sec-ch-ua-platform': '""macOS""', 'user-agent': 'Mozilla/5.0 (Macintosh; Intel Mac OS X 10_15_7) AppleWebKit/537.36 (KHTML, like Gecko) Chrome/138.0.0.0 Safari/537.36', 'sec-ch-ua': '""Not)A;Brand"";v=""8"", ""Chromium"";v=""138"", ""Google Chrome"";v=""138""', 'content-type': 'application/json', 'sec-ch-ua-mobile': '?0', 'accept': '*/*', 'origin': 'http://localhost:5173', 'sec-fetch-site': 'same-site', 'sec-fetch-mode': 'cors', 'sec-fetch-dest': 'empty', 'referer': 'http://localhost:5173/', 'accept-encoding': 'gzip, deflate, br, zstd', 'accept-language': 'en-US,en;q=0.9', 'cookie': 'connect.sid=s%3AI1E13FyT7Qm7IcUBwmlwp0u0sZODixPJ.NPTthFIqn7YNVJgvzTjrp6u1mLnWlkPCj6WEzP%2FawhI', 'if-none-match': 'W/""ae-Ya/2hOJNeU4sDKNfQ/XVgPbpeJE""'}",{},{},NULL
2025-07-31T19:11:09.868Z,GET,/users/ffe67ee0-e989-479d-9a18-dcd6c07ddc60,"{'host': 'localhost:3000', 'connection': 'keep-alive', 'sec-ch-ua-platform': '""macOS""', 'user-agent': 'Mozilla/5.0 (Macintosh; Intel Mac OS X 10_15_7) AppleWebKit/537.36 (KHTML, like Gecko) Chrome/138.0.0.0 Safari/537.36', 'sec-ch-ua': '""Not)A;Brand"";v=""8"", ""Chromium"";v=""138"", ""Google Chrome"";v=""138""', 'content-type': 'application/json', 'sec-ch-ua-mobile': '?0', 'accept': '*/*', 'origin': 'http://localhost:5173', 'sec-fetch-site': 'same-site', 'sec-fetch-mode': 'cors', 'sec-fetch-dest': 'empty', 'referer': 'http://localhost:5173/', 'accept-encoding': 'gzip, deflate, br, zstd', 'accept-language': 'en-US,en;q=0.9', 'if-none-match': 'W/""352-S3LK8eAbSeDqKDO4fDwcnF8MMX4""'}",{},{},NULL
2025-07-31T19:11:09.874Z,GET,/users/ffe67ee0-e989-479d-9a18-dcd6c07ddc60/events,"{'host': 'localhost:3000', 'connection': 'keep-alive', 'sec-ch-ua-platform': '""macOS""', 'user-agent': 'Mozilla/5.0 (Macintosh; Intel Mac OS X 10_15_7) AppleWebKit/537.36 (KHTML, like Gecko) Chrome/138.0.0.0 Safari/537.36', 'sec-ch-ua': '""Not)A;Brand"";v=""8"", ""Chromium"";v=""138"", ""Google Chrome"";v=""138""', 'content-type': 'application/json', 'sec-ch-ua-mobile': '?0', 'accept': '*/*', 'origin': 'http://localhost:5173', 'sec-fetch-site': 'same-site', 'sec-fetch-mode': 'cors', 'sec-fetch-dest': 'empty', 'referer': 'http://localhost:5173/', 'accept-encoding': 'gzip, deflate, br, zstd', 'accept-language': 'en-US,en;q=0.9', 'if-none-match': 'W/""1d8b-ktI5jcSibld4OtzXBc5NNwNoHLE""'}",{},{},NULL
2025-07-31T19:11:09.884Z,GET,/users/ffe67ee0-e989-479d-9a18-dcd6c07ddc60/invitations,"{'host': 'localhost:3000', 'connection': 'keep-alive', 'sec-ch-ua-platform': '""macOS""', 'user-agent': 'Mozilla/5.0 (Macintosh; Intel Mac OS X 10_15_7) AppleWebKit/537.36 (KHTML, like Gecko) Chrome/138.0.0.0 Safari/537.36', 'sec-ch-ua': '""Not)A;Brand"";v=""8"", ""Chromium"";v=""138"", ""Google Chrome"";v=""138""', 'content-type': 'application/json', 'sec-ch-ua-mobile': '?0', 'accept': '*/*', 'origin': 'http://localhost:5173', 'sec-fetch-site': 'same-site', 'sec-fetch-mode': 'cors', 'sec-fetch-dest': 'empty', 'referer': 'http://localhost:5173/', 'accept-encoding': 'gzip, deflate, br, zstd', 'accept-language': 'en-US,en;q=0.9', 'cookie': 'connect.sid=s%3AI1E13FyT7Qm7IcUBwmlwp0u0sZODixPJ.NPTthFIqn7YNVJgvzTjrp6u1mLnWlkPCj6WEzP%2FawhI', 'if-none-match': 'W/""ae-Ya/2hOJNeU4sDKNfQ/XVgPbpeJE""'}",{},{},NULL
2025-07-31T19:11:09.923Z,GET,/users/preferences/tags,"{'host': 'localhost:3000', 'connection': 'keep-alive', 'sec-ch-ua-platform': '""macOS""', 'user-agent': 'Mozilla/5.0 (Macintosh; Intel Mac OS X 10_15_7) AppleWebKit/537.36 (KHTML, like Gecko) Chrome/138.0.0.0 Safari/537.36', 'sec-ch-ua': '""Not)A;Brand"";v=""8"", ""Chromium"";v=""138"", ""Google Chrome"";v=""138""', 'content-type': 'application/json', 'sec-ch-ua-mobile': '?0', 'accept': '*/*', 'origin': 'http://localhost:5173', 'sec-fetch-site': 'same-site', 'sec-fetch-mode': 'cors', 'sec-fetch-dest': 'empty', 'referer': 'http://localhost:5173/', 'accept-encoding': 'gzip, deflate, br, zstd', 'accept-language': 'en-US,en;q=0.9', 'if-none-match': 'W/""602-lmapMuqDG2yi2LDDsoq0ISsNw2I""'}",{},{},NULL
2025-07-31T19:11:10.021Z,GET,/users/ffe67ee0-e989-479d-9a18-dcd6c07ddc60/events,"{'host': 'localhost:3000', 'connection': 'keep-alive', 'sec-ch-ua-platform': '""macOS""', 'user-agent': 'Mozilla/5.0 (Macintosh; Intel Mac OS X 10_15_7) AppleWebKit/537.36 (KHTML, like Gecko) Chrome/138.0.0.0 Safari/537.36', 'sec-ch-ua': '""Not)A;Brand"";v=""8"", ""Chromium"";v=""138"", ""Google Chrome"";v=""138""', 'content-type': 'application/json', 'sec-ch-ua-mobile': '?0', 'accept': '*/*', 'origin': 'http://localhost:5173', 'sec-fetch-site': 'same-site', 'sec-fetch-mode': 'cors', 'sec-fetch-dest': 'empty', 'referer': 'http://localhost:5173/', 'accept-encoding': 'gzip, deflate, br, zstd', 'accept-language': 'en-US,en;q=0.9', 'if-none-match': 'W/""1d8b-ktI5jcSibld4OtzXBc5NNwNoHLE""'}",{},{},NULL
2025-07-31T19:11:10.382Z,GET,/users/preferences/tags,"{'host': 'localhost:3000', 'connection': 'keep-alive', 'sec-ch-ua-platform': '""macOS""', 'user-agent': 'Mozilla/5.0 (Macintosh; Intel Mac OS X 10_15_7) AppleWebKit/537.36 (KHTML, like Gecko) Chrome/138.0.0.0 Safari/537.36', 'sec-ch-ua': '""Not)A;Brand"";v=""8"", ""Chromium"";v=""138"", ""Google Chrome"";v=""138""', 'content-type': 'application/json', 'sec-ch-ua-mobile': '?0', 'accept': '*/*', 'origin': 'http://localhost:5173', 'sec-fetch-site': 'same-site', 'sec-fetch-mode': 'cors', 'sec-fetch-dest': 'empty', 'referer': 'http://localhost:5173/', 'accept-encoding': 'gzip, deflate, br, zstd', 'accept-language': 'en-US,en;q=0.9', 'if-none-match': 'W/""602-lmapMuqDG2yi2LDDsoq0ISsNw2I""'}",{},{},NULL
2025-07-31T19:13:55.458Z,POST,/auth/login,"{'host': 'localhost:3000', 'connection': 'keep-alive', 'content-length': '47', 'sec-ch-ua-platform': '""macOS""', 'user-agent': 'Mozilla/5.0 (Macintosh; Intel Mac OS X 10_15_7) AppleWebKit/537.36 (KHTML, like Gecko) Chrome/138.0.0.0 Safari/537.36', 'sec-ch-ua': '""Not)A;Brand"";v=""8"", ""Chromium"";v=""138"", ""Google Chrome"";v=""138""', 'content-type': 'application/json', 'sec-ch-ua-mobile': '?0', 'accept': '*/*', 'origin': 'http://localhost:5173', 'sec-fetch-site': 'same-site', 'sec-fetch-mode': 'cors', 'sec-fetch-dest': 'empty', 'referer': 'http://localhost:5173/', 'accept-encoding': 'gzip, deflate, br, zstd', 'accept-language': 'en-US,en;q=0.9', 'cookie': 'connect.sid=s%3AI1E13FyT7Qm7IcUBwmlwp0u0sZODixPJ.NPTthFIqn7YNVJgvzTjrp6u1mLnWlkPCj6WEzP%2FawhI'}",{},{},"{'email': 'test@test.com', 'password': 'testtest'}"
2025-07-31T19:13:57.028Z,GET,/users/ffe67ee0-e989-479d-9a18-dcd6c07ddc60,"{'host': 'localhost:3000', 'connection': 'keep-alive', 'sec-ch-ua-platform': '""macOS""', 'user-agent': 'Mozilla/5.0 (Macintosh; Intel Mac OS X 10_15_7) AppleWebKit/537.36 (KHTML, like Gecko) Chrome/138.0.0.0 Safari/537.36', 'sec-ch-ua': '""Not)A;Brand"";v=""8"", ""Chromium"";v=""138"", ""Google Chrome"";v=""138""', 'content-type': 'application/json', 'sec-ch-ua-mobile': '?0', 'accept': '*/*', 'origin': 'http://localhost:5173', 'sec-fetch-site': 'same-site', 'sec-fetch-mode': 'cors', 'sec-fetch-dest': 'empty', 'referer': 'http://localhost:5173/', 'accept-encoding': 'gzip, deflate, br, zstd', 'accept-language': 'en-US,en;q=0.9', 'if-none-match': 'W/""352-S3LK8eAbSeDqKDO4fDwcnF8MMX4""'}",{},{},NULL
2025-07-31T19:13:57.030Z,GET,/users/ffe67ee0-e989-479d-9a18-dcd6c07ddc60/invitations,"{'host': 'localhost:3000', 'connection': 'keep-alive', 'sec-ch-ua-platform': '""macOS""', 'user-agent': 'Mozilla/5.0 (Macintosh; Intel Mac OS X 10_15_7) AppleWebKit/537.36 (KHTML, like Gecko) Chrome/138.0.0.0 Safari/537.36', 'sec-ch-ua': '""Not)A;Brand"";v=""8"", ""Chromium"";v=""138"", ""Google Chrome"";v=""138""', 'content-type': 'application/json', 'sec-ch-ua-mobile': '?0', 'accept': '*/*', 'origin': 'http://localhost:5173', 'sec-fetch-site': 'same-site', 'sec-fetch-mode': 'cors', 'sec-fetch-dest': 'empty', 'referer': 'http://localhost:5173/', 'accept-encoding': 'gzip, deflate, br, zstd', 'accept-language': 'en-US,en;q=0.9', 'cookie': 'connect.sid=s%3AA5-AbOUVwiY-eXU_t843gTwCruHptVh0.VEkNOoufFE00C5vWLb3xLPyA4uaEtQ498keR4WyO0Ik', 'if-none-match': 'W/""ae-Ya/2hOJNeU4sDKNfQ/XVgPbpeJE""'}",{},{},NULL
2025-07-31T19:13:57.241Z,GET,/users/ffe67ee0-e989-479d-9a18-dcd6c07ddc60/invitations,"{'host': 'localhost:3000', 'connection': 'keep-alive', 'sec-ch-ua-platform': '""macOS""', 'user-agent': 'Mozilla/5.0 (Macintosh; Intel Mac OS X 10_15_7) AppleWebKit/537.36 (KHTML, like Gecko) Chrome/138.0.0.0 Safari/537.36', 'sec-ch-ua': '""Not)A;Brand"";v=""8"", ""Chromium"";v=""138"", ""Google Chrome"";v=""138""', 'content-type': 'application/json', 'sec-ch-ua-mobile': '?0', 'accept': '*/*', 'origin': 'http://localhost:5173', 'sec-fetch-site': 'same-site', 'sec-fetch-mode': 'cors', 'sec-fetch-dest': 'empty', 'referer': 'http://localhost:5173/', 'accept-encoding': 'gzip, deflate, br, zstd', 'accept-language': 'en-US,en;q=0.9', 'cookie': 'connect.sid=s%3AA5-AbOUVwiY-eXU_t843gTwCruHptVh0.VEkNOoufFE00C5vWLb3xLPyA4uaEtQ498keR4WyO0Ik', 'if-none-match': 'W/""ae-Ya/2hOJNeU4sDKNfQ/XVgPbpeJE""'}",{},{},NULL
2025-07-31T19:13:57.419Z,GET,/users/ffe67ee0-e989-479d-9a18-dcd6c07ddc60,"{'host': 'localhost:3000', 'connection': 'keep-alive', 'sec-ch-ua-platform': '""macOS""', 'user-agent': 'Mozilla/5.0 (Macintosh; Intel Mac OS X 10_15_7) AppleWebKit/537.36 (KHTML, like Gecko) Chrome/138.0.0.0 Safari/537.36', 'sec-ch-ua': '""Not)A;Brand"";v=""8"", ""Chromium"";v=""138"", ""Google Chrome"";v=""138""', 'content-type': 'application/json', 'sec-ch-ua-mobile': '?0', 'accept': '*/*', 'origin': 'http://localhost:5173', 'sec-fetch-site': 'same-site', 'sec-fetch-mode': 'cors', 'sec-fetch-dest': 'empty', 'referer': 'http://localhost:5173/', 'accept-encoding': 'gzip, deflate, br, zstd', 'accept-language': 'en-US,en;q=0.9', 'if-none-match': 'W/""352-S3LK8eAbSeDqKDO4fDwcnF8MMX4""'}",{},{},NULL
2025-07-31T19:13:57.424Z,GET,/users/ffe67ee0-e989-479d-9a18-dcd6c07ddc60/events,"{'host': 'localhost:3000', 'connection': 'keep-alive', 'sec-ch-ua-platform': '""macOS""', 'user-agent': 'Mozilla/5.0 (Macintosh; Intel Mac OS X 10_15_7) AppleWebKit/537.36 (KHTML, like Gecko) Chrome/138.0.0.0 Safari/537.36', 'sec-ch-ua': '""Not)A;Brand"";v=""8"", ""Chromium"";v=""138"", ""Google Chrome"";v=""138""', 'content-type': 'application/json', 'sec-ch-ua-mobile': '?0', 'accept': '*/*', 'origin': 'http://localhost:5173', 'sec-fetch-site': 'same-site', 'sec-fetch-mode': 'cors', 'sec-fetch-dest': 'empty', 'referer': 'http://localhost:5173/', 'accept-encoding': 'gzip, deflate, br, zstd', 'accept-language': 'en-US,en;q=0.9', 'if-none-match': 'W/""1d8b-ktI5jcSibld4OtzXBc5NNwNoHLE""'}",{},{},NULL
2025-07-31T19:13:57.740Z,GET,/users/ffe67ee0-e989-479d-9a18-dcd6c07ddc60/events,"{'host': 'localhost:3000', 'connection': 'keep-alive', 'sec-ch-ua-platform': '""macOS""', 'user-agent': 'Mozilla/5.0 (Macintosh; Intel Mac OS X 10_15_7) AppleWebKit/537.36 (KHTML, like Gecko) Chrome/138.0.0.0 Safari/537.36', 'sec-ch-ua': '""Not)A;Brand"";v=""8"", ""Chromium"";v=""138"", ""Google Chrome"";v=""138""', 'content-type': 'application/json', 'sec-ch-ua-mobile': '?0', 'accept': '*/*', 'origin': 'http://localhost:5173', 'sec-fetch-site': 'same-site', 'sec-fetch-mode': 'cors', 'sec-fetch-dest': 'empty', 'referer': 'http://localhost:5173/', 'accept-encoding': 'gzip, deflate, br, zstd', 'accept-language': 'en-US,en;q=0.9', 'if-none-match': 'W/""1d8b-ktI5jcSibld4OtzXBc5NNwNoHLE""'}",{},{},NULL
2025-07-31T19:13:57.747Z,GET,/users/preferences/tags,"{'host': 'localhost:3000', 'connection': 'keep-alive', 'sec-ch-ua-platform': '""macOS""', 'user-agent': 'Mozilla/5.0 (Macintosh; Intel Mac OS X 10_15_7) AppleWebKit/537.36 (KHTML, like Gecko) Chrome/138.0.0.0 Safari/537.36', 'sec-ch-ua': '""Not)A;Brand"";v=""8"", ""Chromium"";v=""138"", ""Google Chrome"";v=""138""', 'content-type': 'application/json', 'sec-ch-ua-mobile': '?0', 'accept': '*/*', 'origin': 'http://localhost:5173', 'sec-fetch-site': 'same-site', 'sec-fetch-mode': 'cors', 'sec-fetch-dest': 'empty', 'referer': 'http://localhost:5173/', 'accept-encoding': 'gzip, deflate, br, zstd', 'accept-language': 'en-US,en;q=0.9', 'if-none-match': 'W/""602-lmapMuqDG2yi2LDDsoq0ISsNw2I""'}",{},{},NULL
2025-07-31T19:13:58.094Z,GET,/users/preferences/tags,"{'host': 'localhost:3000', 'connection': 'keep-alive', 'sec-ch-ua-platform': '""macOS""', 'user-agent': 'Mozilla/5.0 (Macintosh; Intel Mac OS X 10_15_7) AppleWebKit/537.36 (KHTML, like Gecko) Chrome/138.0.0.0 Safari/537.36', 'sec-ch-ua': '""Not)A;Brand"";v=""8"", ""Chromium"";v=""138"", ""Google Chrome"";v=""138""', 'content-type': 'application/json', 'sec-ch-ua-mobile': '?0', 'accept': '*/*', 'origin': 'http://localhost:5173', 'sec-fetch-site': 'same-site', 'sec-fetch-mode': 'cors', 'sec-fetch-dest': 'empty', 'referer': 'http://localhost:5173/', 'accept-encoding': 'gzip, deflate, br, zstd', 'accept-language': 'en-US,en;q=0.9', 'if-none-match': 'W/""602-lmapMuqDG2yi2LDDsoq0ISsNw2I""'}",{},{},NULL
2025-07-31T19:14:54.441Z,GET,/users/ffe67ee0-e989-479d-9a18-dcd6c07ddc60/invitations,"{'host': 'localhost:3000', 'connection': 'keep-alive', 'sec-ch-ua-platform': '""macOS""', 'user-agent': 'Mozilla/5.0 (Macintosh; Intel Mac OS X 10_15_7) AppleWebKit/537.36 (KHTML, like Gecko) Chrome/138.0.0.0 Safari/537.36', 'sec-ch-ua': '""Not)A;Brand"";v=""8"", ""Chromium"";v=""138"", ""Google Chrome"";v=""138""', 'content-type': 'application/json', 'sec-ch-ua-mobile': '?0', 'accept': '*/*', 'origin': 'http://localhost:5173', 'sec-fetch-site': 'same-site', 'sec-fetch-mode': 'cors', 'sec-fetch-dest': 'empty', 'referer': 'http://localhost:5173/', 'accept-encoding': 'gzip, deflate, br, zstd', 'accept-language': 'en-US,en;q=0.9', 'cookie': 'connect.sid=s%3AA5-AbOUVwiY-eXU_t843gTwCruHptVh0.VEkNOoufFE00C5vWLb3xLPyA4uaEtQ498keR4WyO0Ik', 'if-none-match': 'W/""ae-Ya/2hOJNeU4sDKNfQ/XVgPbpeJE""'}",{},{},NULL
2025-07-31T19:14:54.449Z,GET,/users/ffe67ee0-e989-479d-9a18-dcd6c07ddc60,"{'host': 'localhost:3000', 'connection': 'keep-alive', 'sec-ch-ua-platform': '""macOS""', 'user-agent': 'Mozilla/5.0 (Macintosh; Intel Mac OS X 10_15_7) AppleWebKit/537.36 (KHTML, like Gecko) Chrome/138.0.0.0 Safari/537.36', 'sec-ch-ua': '""Not)A;Brand"";v=""8"", ""Chromium"";v=""138"", ""Google Chrome"";v=""138""', 'content-type': 'application/json', 'sec-ch-ua-mobile': '?0', 'accept': '*/*', 'origin': 'http://localhost:5173', 'sec-fetch-site': 'same-site', 'sec-fetch-mode': 'cors', 'sec-fetch-dest': 'empty', 'referer': 'http://localhost:5173/', 'accept-encoding': 'gzip, deflate, br, zstd', 'accept-language': 'en-US,en;q=0.9', 'if-none-match': 'W/""352-S3LK8eAbSeDqKDO4fDwcnF8MMX4""'}",{},{},NULL
2025-07-31T19:14:54.541Z,GET,/users/ffe67ee0-e989-479d-9a18-dcd6c07ddc60/invitations,"{'host': 'localhost:3000', 'connection': 'keep-alive', 'sec-ch-ua-platform': '""macOS""', 'user-agent': 'Mozilla/5.0 (Macintosh; Intel Mac OS X 10_15_7) AppleWebKit/537.36 (KHTML, like Gecko) Chrome/138.0.0.0 Safari/537.36', 'sec-ch-ua': '""Not)A;Brand"";v=""8"", ""Chromium"";v=""138"", ""Google Chrome"";v=""138""', 'content-type': 'application/json', 'sec-ch-ua-mobile': '?0', 'accept': '*/*', 'origin': 'http://localhost:5173', 'sec-fetch-site': 'same-site', 'sec-fetch-mode': 'cors', 'sec-fetch-dest': 'empty', 'referer': 'http://localhost:5173/', 'accept-encoding': 'gzip, deflate, br, zstd', 'accept-language': 'en-US,en;q=0.9', 'cookie': 'connect.sid=s%3AA5-AbOUVwiY-eXU_t843gTwCruHptVh0.VEkNOoufFE00C5vWLb3xLPyA4uaEtQ498keR4WyO0Ik', 'if-none-match': 'W/""ae-Ya/2hOJNeU4sDKNfQ/XVgPbpeJE""'}",{},{},NULL
2025-07-31T19:14:54.550Z,GET,/users/ffe67ee0-e989-479d-9a18-dcd6c07ddc60,"{'host': 'localhost:3000', 'connection': 'keep-alive', 'sec-ch-ua-platform': '""macOS""', 'user-agent': 'Mozilla/5.0 (Macintosh; Intel Mac OS X 10_15_7) AppleWebKit/537.36 (KHTML, like Gecko) Chrome/138.0.0.0 Safari/537.36', 'sec-ch-ua': '""Not)A;Brand"";v=""8"", ""Chromium"";v=""138"", ""Google Chrome"";v=""138""', 'content-type': 'application/json', 'sec-ch-ua-mobile': '?0', 'accept': '*/*', 'origin': 'http://localhost:5173', 'sec-fetch-site': 'same-site', 'sec-fetch-mode': 'cors', 'sec-fetch-dest': 'empty', 'referer': 'http://localhost:5173/', 'accept-encoding': 'gzip, deflate, br, zstd', 'accept-language': 'en-US,en;q=0.9', 'if-none-match': 'W/""352-S3LK8eAbSeDqKDO4fDwcnF8MMX4""'}",{},{},NULL
2025-07-31T19:14:54.554Z,GET,/users/ffe67ee0-e989-479d-9a18-dcd6c07ddc60/events,"{'host': 'localhost:3000', 'connection': 'keep-alive', 'sec-ch-ua-platform': '""macOS""', 'user-agent': 'Mozilla/5.0 (Macintosh; Intel Mac OS X 10_15_7) AppleWebKit/537.36 (KHTML, like Gecko) Chrome/138.0.0.0 Safari/537.36', 'sec-ch-ua': '""Not)A;Brand"";v=""8"", ""Chromium"";v=""138"", ""Google Chrome"";v=""138""', 'content-type': 'application/json', 'sec-ch-ua-mobile': '?0', 'accept': '*/*', 'origin': 'http://localhost:5173', 'sec-fetch-site': 'same-site', 'sec-fetch-mode': 'cors', 'sec-fetch-dest': 'empty', 'referer': 'http://localhost:5173/', 'accept-encoding': 'gzip, deflate, br, zstd', 'accept-language': 'en-US,en;q=0.9', 'if-none-match': 'W/""1d8b-ktI5jcSibld4OtzXBc5NNwNoHLE""'}",{},{},NULL
2025-07-31T19:14:54.622Z,GET,/users/ffe67ee0-e989-479d-9a18-dcd6c07ddc60/events,"{'host': 'localhost:3000', 'connection': 'keep-alive', 'sec-ch-ua-platform': '""macOS""', 'user-agent': 'Mozilla/5.0 (Macintosh; Intel Mac OS X 10_15_7) AppleWebKit/537.36 (KHTML, like Gecko) Chrome/138.0.0.0 Safari/537.36', 'sec-ch-ua': '""Not)A;Brand"";v=""8"", ""Chromium"";v=""138"", ""Google Chrome"";v=""138""', 'content-type': 'application/json', 'sec-ch-ua-mobile': '?0', 'accept': '*/*', 'origin': 'http://localhost:5173', 'sec-fetch-site': 'same-site', 'sec-fetch-mode': 'cors', 'sec-fetch-dest': 'empty', 'referer': 'http://localhost:5173/', 'accept-encoding': 'gzip, deflate, br, zstd', 'accept-language': 'en-US,en;q=0.9', 'if-none-match': 'W/""1d8b-ktI5jcSibld4OtzXBc5NNwNoHLE""'}",{},{},NULL
2025-07-31T19:14:54.630Z,GET,/users/preferences/tags,"{'host': 'localhost:3000', 'connection': 'keep-alive', 'sec-ch-ua-platform': '""macOS""', 'user-agent': 'Mozilla/5.0 (Macintosh; Intel Mac OS X 10_15_7) AppleWebKit/537.36 (KHTML, like Gecko) Chrome/138.0.0.0 Safari/537.36', 'sec-ch-ua': '""Not)A;Brand"";v=""8"", ""Chromium"";v=""138"", ""Google Chrome"";v=""138""', 'content-type': 'application/json', 'sec-ch-ua-mobile': '?0', 'accept': '*/*', 'origin': 'http://localhost:5173', 'sec-fetch-site': 'same-site', 'sec-fetch-mode': 'cors', 'sec-fetch-dest': 'empty', 'referer': 'http://localhost:5173/', 'accept-encoding': 'gzip, deflate, br, zstd', 'accept-language': 'en-US,en;q=0.9', 'if-none-match': 'W/""602-lmapMuqDG2yi2LDDsoq0ISsNw2I""'}",{},{},NULL
2025-07-31T19:14:54.968Z,GET,/users/preferences/tags,"{'host': 'localhost:3000', 'connection': 'keep-alive', 'sec-ch-ua-platform': '""macOS""', 'user-agent': 'Mozilla/5.0 (Macintosh; Intel Mac OS X 10_15_7) AppleWebKit/537.36 (KHTML, like Gecko) Chrome/138.0.0.0 Safari/537.36', 'sec-ch-ua': '""Not)A;Brand"";v=""8"", ""Chromium"";v=""138"", ""Google Chrome"";v=""138""', 'content-type': 'application/json', 'sec-ch-ua-mobile': '?0', 'accept': '*/*', 'origin': 'http://localhost:5173', 'sec-fetch-site': 'same-site', 'sec-fetch-mode': 'cors', 'sec-fetch-dest': 'empty', 'referer': 'http://localhost:5173/', 'accept-encoding': 'gzip, deflate, br, zstd', 'accept-language': 'en-US,en;q=0.9', 'if-none-match': 'W/""602-lmapMuqDG2yi2LDDsoq0ISsNw2I""'}",{},{},NULL
2025-07-31T19:15:27.280Z,GET,/users/ffe67ee0-e989-479d-9a18-dcd6c07ddc60/invitations,"{'host': 'localhost:3000', 'connection': 'keep-alive', 'sec-ch-ua-platform': '""macOS""', 'user-agent': 'Mozilla/5.0 (Macintosh; Intel Mac OS X 10_15_7) AppleWebKit/537.36 (KHTML, like Gecko) Chrome/138.0.0.0 Safari/537.36', 'sec-ch-ua': '""Not)A;Brand"";v=""8"", ""Chromium"";v=""138"", ""Google Chrome"";v=""138""', 'content-type': 'application/json', 'sec-ch-ua-mobile': '?0', 'accept': '*/*', 'origin': 'http://localhost:5173', 'sec-fetch-site': 'same-site', 'sec-fetch-mode': 'cors', 'sec-fetch-dest': 'empty', 'referer': 'http://localhost:5173/', 'accept-encoding': 'gzip, deflate, br, zstd', 'accept-language': 'en-US,en;q=0.9', 'cookie': 'connect.sid=s%3AA5-AbOUVwiY-eXU_t843gTwCruHptVh0.VEkNOoufFE00C5vWLb3xLPyA4uaEtQ498keR4WyO0Ik', 'if-none-match': 'W/""ae-Ya/2hOJNeU4sDKNfQ/XVgPbpeJE""'}",{},{},NULL
2025-07-31T19:15:27.284Z,GET,/users/ffe67ee0-e989-479d-9a18-dcd6c07ddc60,"{'host': 'localhost:3000', 'connection': 'keep-alive', 'sec-ch-ua-platform': '""macOS""', 'user-agent': 'Mozilla/5.0 (Macintosh; Intel Mac OS X 10_15_7) AppleWebKit/537.36 (KHTML, like Gecko) Chrome/138.0.0.0 Safari/537.36', 'sec-ch-ua': '""Not)A;Brand"";v=""8"", ""Chromium"";v=""138"", ""Google Chrome"";v=""138""', 'content-type': 'application/json', 'sec-ch-ua-mobile': '?0', 'accept': '*/*', 'origin': 'http://localhost:5173', 'sec-fetch-site': 'same-site', 'sec-fetch-mode': 'cors', 'sec-fetch-dest': 'empty', 'referer': 'http://localhost:5173/', 'accept-encoding': 'gzip, deflate, br, zstd', 'accept-language': 'en-US,en;q=0.9', 'if-none-match': 'W/""352-S3LK8eAbSeDqKDO4fDwcnF8MMX4""'}",{},{},NULL
2025-07-31T19:15:27.374Z,GET,/users/ffe67ee0-e989-479d-9a18-dcd6c07ddc60,"{'host': 'localhost:3000', 'connection': 'keep-alive', 'sec-ch-ua-platform': '""macOS""', 'user-agent': 'Mozilla/5.0 (Macintosh; Intel Mac OS X 10_15_7) AppleWebKit/537.36 (KHTML, like Gecko) Chrome/138.0.0.0 Safari/537.36', 'sec-ch-ua': '""Not)A;Brand"";v=""8"", ""Chromium"";v=""138"", ""Google Chrome"";v=""138""', 'content-type': 'application/json', 'sec-ch-ua-mobile': '?0', 'accept': '*/*', 'origin': 'http://localhost:5173', 'sec-fetch-site': 'same-site', 'sec-fetch-mode': 'cors', 'sec-fetch-dest': 'empty', 'referer': 'http://localhost:5173/', 'accept-encoding': 'gzip, deflate, br, zstd', 'accept-language': 'en-US,en;q=0.9', 'if-none-match': 'W/""352-S3LK8eAbSeDqKDO4fDwcnF8MMX4""'}",{},{},NULL
2025-07-31T19:15:27.377Z,GET,/users/ffe67ee0-e989-479d-9a18-dcd6c07ddc60/events,"{'host': 'localhost:3000', 'connection': 'keep-alive', 'sec-ch-ua-platform': '""macOS""', 'user-agent': 'Mozilla/5.0 (Macintosh; Intel Mac OS X 10_15_7) AppleWebKit/537.36 (KHTML, like Gecko) Chrome/138.0.0.0 Safari/537.36', 'sec-ch-ua': '""Not)A;Brand"";v=""8"", ""Chromium"";v=""138"", ""Google Chrome"";v=""138""', 'content-type': 'application/json', 'sec-ch-ua-mobile': '?0', 'accept': '*/*', 'origin': 'http://localhost:5173', 'sec-fetch-site': 'same-site', 'sec-fetch-mode': 'cors', 'sec-fetch-dest': 'empty', 'referer': 'http://localhost:5173/', 'accept-encoding': 'gzip, deflate, br, zstd', 'accept-language': 'en-US,en;q=0.9', 'if-none-match': 'W/""1d8b-ktI5jcSibld4OtzXBc5NNwNoHLE""'}",{},{},NULL
2025-07-31T19:15:27.435Z,GET,/users/ffe67ee0-e989-479d-9a18-dcd6c07ddc60/events,"{'host': 'localhost:3000', 'connection': 'keep-alive', 'sec-ch-ua-platform': '""macOS""', 'user-agent': 'Mozilla/5.0 (Macintosh; Intel Mac OS X 10_15_7) AppleWebKit/537.36 (KHTML, like Gecko) Chrome/138.0.0.0 Safari/537.36', 'sec-ch-ua': '""Not)A;Brand"";v=""8"", ""Chromium"";v=""138"", ""Google Chrome"";v=""138""', 'content-type': 'application/json', 'sec-ch-ua-mobile': '?0', 'accept': '*/*', 'origin': 'http://localhost:5173', 'sec-fetch-site': 'same-site', 'sec-fetch-mode': 'cors', 'sec-fetch-dest': 'empty', 'referer': 'http://localhost:5173/', 'accept-encoding': 'gzip, deflate, br, zstd', 'accept-language': 'en-US,en;q=0.9', 'if-none-match': 'W/""1d8b-ktI5jcSibld4OtzXBc5NNwNoHLE""'}",{},{},NULL
2025-07-31T19:15:27.441Z,GET,/users/ffe67ee0-e989-479d-9a18-dcd6c07ddc60/invitations,"{'host': 'localhost:3000', 'connection': 'keep-alive', 'sec-ch-ua-platform': '""macOS""', 'user-agent': 'Mozilla/5.0 (Macintosh; Intel Mac OS X 10_15_7) AppleWebKit/537.36 (KHTML, like Gecko) Chrome/138.0.0.0 Safari/537.36', 'sec-ch-ua': '""Not)A;Brand"";v=""8"", ""Chromium"";v=""138"", ""Google Chrome"";v=""138""', 'content-type': 'application/json', 'sec-ch-ua-mobile': '?0', 'accept': '*/*', 'origin': 'http://localhost:5173', 'sec-fetch-site': 'same-site', 'sec-fetch-mode': 'cors', 'sec-fetch-dest': 'empty', 'referer': 'http://localhost:5173/', 'accept-encoding': 'gzip, deflate, br, zstd', 'accept-language': 'en-US,en;q=0.9', 'cookie': 'connect.sid=s%3AA5-AbOUVwiY-eXU_t843gTwCruHptVh0.VEkNOoufFE00C5vWLb3xLPyA4uaEtQ498keR4WyO0Ik', 'if-none-match': 'W/""ae-Ya/2hOJNeU4sDKNfQ/XVgPbpeJE""'}",{},{},NULL
2025-07-31T19:15:27.457Z,GET,/users/preferences/tags,"{'host': 'localhost:3000', 'connection': 'keep-alive', 'sec-ch-ua-platform': '""macOS""', 'user-agent': 'Mozilla/5.0 (Macintosh; Intel Mac OS X 10_15_7) AppleWebKit/537.36 (KHTML, like Gecko) Chrome/138.0.0.0 Safari/537.36', 'sec-ch-ua': '""Not)A;Brand"";v=""8"", ""Chromium"";v=""138"", ""Google Chrome"";v=""138""', 'content-type': 'application/json', 'sec-ch-ua-mobile': '?0', 'accept': '*/*', 'origin': 'http://localhost:5173', 'sec-fetch-site': 'same-site', 'sec-fetch-mode': 'cors', 'sec-fetch-dest': 'empty', 'referer': 'http://localhost:5173/', 'accept-encoding': 'gzip, deflate, br, zstd', 'accept-language': 'en-US,en;q=0.9', 'if-none-match': 'W/""602-lmapMuqDG2yi2LDDsoq0ISsNw2I""'}",{},{},NULL
2025-07-31T19:15:27.671Z,GET,/users/preferences/tags,"{'host': 'localhost:3000', 'connection': 'keep-alive', 'sec-ch-ua-platform': '""macOS""', 'user-agent': 'Mozilla/5.0 (Macintosh; Intel Mac OS X 10_15_7) AppleWebKit/537.36 (KHTML, like Gecko) Chrome/138.0.0.0 Safari/537.36', 'sec-ch-ua': '""Not)A;Brand"";v=""8"", ""Chromium"";v=""138"", ""Google Chrome"";v=""138""', 'content-type': 'application/json', 'sec-ch-ua-mobile': '?0', 'accept': '*/*', 'origin': 'http://localhost:5173', 'sec-fetch-site': 'same-site', 'sec-fetch-mode': 'cors', 'sec-fetch-dest': 'empty', 'referer': 'http://localhost:5173/', 'accept-encoding': 'gzip, deflate, br, zstd', 'accept-language': 'en-US,en;q=0.9', 'if-none-match': 'W/""602-lmapMuqDG2yi2LDDsoq0ISsNw2I""'}",{},{},NULL
